global_persona_index,age,persona_text,item_id,condition,score
0,16,An ambitious high school student with diverse interests developing strong leadership skills by actively participating in different clubs and societies,32,control,3
0,16,An ambitious high school student with diverse interests developing strong leadership skills by actively participating in different clubs and societies,32,predictive,3
0,16,An ambitious high school student with diverse interests developing strong leadership skills by actively participating in different clubs and societies,32,explicit,3
0,16,An ambitious high school student with diverse interests developing strong leadership skills by actively participating in different clubs and societies,35,control,4
0,16,An ambitious high school student with diverse interests developing strong leadership skills by actively participating in different clubs and societies,35,predictive,3
0,16,An ambitious high school student with diverse interests developing strong leadership skills by actively participating in different clubs and societies,35,explicit,3
0,16,An ambitious high school student with diverse interests developing strong leadership skills by actively participating in different clubs and societies,34,control,3
0,16,An ambitious high school student with diverse interests developing strong leadership skills by actively participating in different clubs and societies,34,predictive,3
0,16,An ambitious high school student with diverse interests developing strong leadership skills by actively participating in different clubs and societies,34,explicit,3
0,16,An ambitious high school student with diverse interests developing strong leadership skills by actively participating in different clubs and societies,33,control,3
0,16,An ambitious high school student with diverse interests developing strong leadership skills by actively participating in different clubs and societies,33,predictive,3
0,16,An ambitious high school student with diverse interests developing strong leadership skills by actively participating in different clubs and societies,33,explicit,4
0,16,An ambitious high school student with diverse interests developing strong leadership skills by actively participating in different clubs and societies,20,control,3
0,16,An ambitious high school student with diverse interests developing strong leadership skills by actively participating in different clubs and societies,20,predictive,3
0,16,An ambitious high school student with diverse interests developing strong leadership skills by actively participating in different clubs and societies,20,explicit,4
0,16,An ambitious high school student with diverse interests developing strong leadership skills by actively participating in different clubs and societies,18,control,2
0,16,An ambitious high school student with diverse interests developing strong leadership skills by actively participating in different clubs and societies,18,predictive,3
0,16,An ambitious high school student with diverse interests developing strong leadership skills by actively participating in different clubs and societies,18,explicit,3
0,16,An ambitious high school student with diverse interests developing strong leadership skills by actively participating in different clubs and societies,27,control,4
0,16,An ambitious high school student with diverse interests developing strong leadership skills by actively participating in different clubs and societies,27,predictive,4
0,16,An ambitious high school student with diverse interests developing strong leadership skills by actively participating in different clubs and societies,27,explicit,3
0,16,An ambitious high school student with diverse interests developing strong leadership skills by actively participating in different clubs and societies,9,control,2
0,16,An ambitious high school student with diverse interests developing strong leadership skills by actively participating in different clubs and societies,9,predictive,3
0,16,An ambitious high school student with diverse interests developing strong leadership skills by actively participating in different clubs and societies,9,explicit,3
0,16,An ambitious high school student with diverse interests developing strong leadership skills by actively participating in different clubs and societies,11,control,4
0,16,An ambitious high school student with diverse interests developing strong leadership skills by actively participating in different clubs and societies,11,predictive,4
0,16,An ambitious high school student with diverse interests developing strong leadership skills by actively participating in different clubs and societies,11,explicit,4
0,16,An ambitious high school student with diverse interests developing strong leadership skills by actively participating in different clubs and societies,7,control,3
0,16,An ambitious high school student with diverse interests developing strong leadership skills by actively participating in different clubs and societies,7,predictive,4
0,16,An ambitious high school student with diverse interests developing strong leadership skills by actively participating in different clubs and societies,7,explicit,3
0,16,An ambitious high school student with diverse interests developing strong leadership skills by actively participating in different clubs and societies,29,control,3
0,16,An ambitious high school student with diverse interests developing strong leadership skills by actively participating in different clubs and societies,29,predictive,3
0,16,An ambitious high school student with diverse interests developing strong leadership skills by actively participating in different clubs and societies,29,explicit,3
0,16,An ambitious high school student with diverse interests developing strong leadership skills by actively participating in different clubs and societies,16,control,2
0,16,An ambitious high school student with diverse interests developing strong leadership skills by actively participating in different clubs and societies,16,predictive,2
0,16,An ambitious high school student with diverse interests developing strong leadership skills by actively participating in different clubs and societies,16,explicit,3
0,16,An ambitious high school student with diverse interests developing strong leadership skills by actively participating in different clubs and societies,6,control,2
0,16,An ambitious high school student with diverse interests developing strong leadership skills by actively participating in different clubs and societies,6,predictive,2
0,16,An ambitious high school student with diverse interests developing strong leadership skills by actively participating in different clubs and societies,6,explicit,3
0,16,An ambitious high school student with diverse interests developing strong leadership skills by actively participating in different clubs and societies,28,control,3
0,16,An ambitious high school student with diverse interests developing strong leadership skills by actively participating in different clubs and societies,28,predictive,4
0,16,An ambitious high school student with diverse interests developing strong leadership skills by actively participating in different clubs and societies,28,explicit,4
0,16,An ambitious high school student with diverse interests developing strong leadership skills by actively participating in different clubs and societies,17,control,2
0,16,An ambitious high school student with diverse interests developing strong leadership skills by actively participating in different clubs and societies,17,predictive,3
0,16,An ambitious high school student with diverse interests developing strong leadership skills by actively participating in different clubs and societies,17,explicit,3
0,16,An ambitious high school student with diverse interests developing strong leadership skills by actively participating in different clubs and societies,1,control,1
0,16,An ambitious high school student with diverse interests developing strong leadership skills by actively participating in different clubs and societies,1,predictive,3
0,16,An ambitious high school student with diverse interests developing strong leadership skills by actively participating in different clubs and societies,1,explicit,3
0,16,An ambitious high school student with diverse interests developing strong leadership skills by actively participating in different clubs and societies,10,control,3
0,16,An ambitious high school student with diverse interests developing strong leadership skills by actively participating in different clubs and societies,10,predictive,3
0,16,An ambitious high school student with diverse interests developing strong leadership skills by actively participating in different clubs and societies,10,explicit,3
0,16,An ambitious high school student with diverse interests developing strong leadership skills by actively participating in different clubs and societies,19,control,3
0,16,An ambitious high school student with diverse interests developing strong leadership skills by actively participating in different clubs and societies,19,predictive,4
0,16,An ambitious high school student with diverse interests developing strong leadership skills by actively participating in different clubs and societies,19,explicit,3
0,16,An ambitious high school student with diverse interests developing strong leadership skills by actively participating in different clubs and societies,26,control,3
0,16,An ambitious high school student with diverse interests developing strong leadership skills by actively participating in different clubs and societies,26,predictive,2
0,16,An ambitious high school student with diverse interests developing strong leadership skills by actively participating in different clubs and societies,26,explicit,3
0,16,An ambitious high school student with diverse interests developing strong leadership skills by actively participating in different clubs and societies,8,control,3
0,16,An ambitious high school student with diverse interests developing strong leadership skills by actively participating in different clubs and societies,8,predictive,4
0,16,An ambitious high school student with diverse interests developing strong leadership skills by actively participating in different clubs and societies,8,explicit,4
0,16,An ambitious high school student with diverse interests developing strong leadership skills by actively participating in different clubs and societies,21,control,2
0,16,An ambitious high school student with diverse interests developing strong leadership skills by actively participating in different clubs and societies,21,predictive,2
0,16,An ambitious high school student with diverse interests developing strong leadership skills by actively participating in different clubs and societies,21,explicit,3
0,16,An ambitious high school student with diverse interests developing strong leadership skills by actively participating in different clubs and societies,38,control,3
0,16,An ambitious high school student with diverse interests developing strong leadership skills by actively participating in different clubs and societies,38,predictive,3
0,16,An ambitious high school student with diverse interests developing strong leadership skills by actively participating in different clubs and societies,38,explicit,3
0,16,An ambitious high school student with diverse interests developing strong leadership skills by actively participating in different clubs and societies,36,control,2
0,16,An ambitious high school student with diverse interests developing strong leadership skills by actively participating in different clubs and societies,36,predictive,4
0,16,An ambitious high school student with diverse interests developing strong leadership skills by actively participating in different clubs and societies,36,explicit,3
0,16,An ambitious high school student with diverse interests developing strong leadership skills by actively participating in different clubs and societies,31,control,3
0,16,An ambitious high school student with diverse interests developing strong leadership skills by actively participating in different clubs and societies,31,predictive,4
0,16,An ambitious high school student with diverse interests developing strong leadership skills by actively participating in different clubs and societies,31,explicit,3
0,16,An ambitious high school student with diverse interests developing strong leadership skills by actively participating in different clubs and societies,30,control,2
0,16,An ambitious high school student with diverse interests developing strong leadership skills by actively participating in different clubs and societies,30,predictive,3
0,16,An ambitious high school student with diverse interests developing strong leadership skills by actively participating in different clubs and societies,30,explicit,3
0,16,An ambitious high school student with diverse interests developing strong leadership skills by actively participating in different clubs and societies,37,control,3
0,16,An ambitious high school student with diverse interests developing strong leadership skills by actively participating in different clubs and societies,37,predictive,3
0,16,An ambitious high school student with diverse interests developing strong leadership skills by actively participating in different clubs and societies,37,explicit,3
0,16,An ambitious high school student with diverse interests developing strong leadership skills by actively participating in different clubs and societies,39,control,1
0,16,An ambitious high school student with diverse interests developing strong leadership skills by actively participating in different clubs and societies,39,predictive,2
0,16,An ambitious high school student with diverse interests developing strong leadership skills by actively participating in different clubs and societies,39,explicit,3
0,16,An ambitious high school student with diverse interests developing strong leadership skills by actively participating in different clubs and societies,24,control,1
0,16,An ambitious high school student with diverse interests developing strong leadership skills by actively participating in different clubs and societies,24,predictive,2
0,16,An ambitious high school student with diverse interests developing strong leadership skills by actively participating in different clubs and societies,24,explicit,2
0,16,An ambitious high school student with diverse interests developing strong leadership skills by actively participating in different clubs and societies,23,control,1
0,16,An ambitious high school student with diverse interests developing strong leadership skills by actively participating in different clubs and societies,23,predictive,4
0,16,An ambitious high school student with diverse interests developing strong leadership skills by actively participating in different clubs and societies,23,explicit,4
0,16,An ambitious high school student with diverse interests developing strong leadership skills by actively participating in different clubs and societies,4,control,3
0,16,An ambitious high school student with diverse interests developing strong leadership skills by actively participating in different clubs and societies,4,predictive,3
0,16,An ambitious high school student with diverse interests developing strong leadership skills by actively participating in different clubs and societies,4,explicit,3
0,16,An ambitious high school student with diverse interests developing strong leadership skills by actively participating in different clubs and societies,15,control,1
0,16,An ambitious high school student with diverse interests developing strong leadership skills by actively participating in different clubs and societies,15,predictive,4
0,16,An ambitious high school student with diverse interests developing strong leadership skills by actively participating in different clubs and societies,15,explicit,4
0,16,An ambitious high school student with diverse interests developing strong leadership skills by actively participating in different clubs and societies,3,control,2
0,16,An ambitious high school student with diverse interests developing strong leadership skills by actively participating in different clubs and societies,3,predictive,3
0,16,An ambitious high school student with diverse interests developing strong leadership skills by actively participating in different clubs and societies,3,explicit,3
0,16,An ambitious high school student with diverse interests developing strong leadership skills by actively participating in different clubs and societies,12,control,3
0,16,An ambitious high school student with diverse interests developing strong leadership skills by actively participating in different clubs and societies,12,predictive,4
0,16,An ambitious high school student with diverse interests developing strong leadership skills by actively participating in different clubs and societies,12,explicit,4
0,16,An ambitious high school student with diverse interests developing strong leadership skills by actively participating in different clubs and societies,40,control,2
0,16,An ambitious high school student with diverse interests developing strong leadership skills by actively participating in different clubs and societies,40,predictive,2
0,16,An ambitious high school student with diverse interests developing strong leadership skills by actively participating in different clubs and societies,40,explicit,3
0,16,An ambitious high school student with diverse interests developing strong leadership skills by actively participating in different clubs and societies,2,control,3
0,16,An ambitious high school student with diverse interests developing strong leadership skills by actively participating in different clubs and societies,2,predictive,4
0,16,An ambitious high school student with diverse interests developing strong leadership skills by actively participating in different clubs and societies,2,explicit,4
0,16,An ambitious high school student with diverse interests developing strong leadership skills by actively participating in different clubs and societies,13,control,3
0,16,An ambitious high school student with diverse interests developing strong leadership skills by actively participating in different clubs and societies,13,predictive,4
0,16,An ambitious high school student with diverse interests developing strong leadership skills by actively participating in different clubs and societies,13,explicit,3
0,16,An ambitious high school student with diverse interests developing strong leadership skills by actively participating in different clubs and societies,5,control,2
0,16,An ambitious high school student with diverse interests developing strong leadership skills by actively participating in different clubs and societies,5,predictive,3
0,16,An ambitious high school student with diverse interests developing strong leadership skills by actively participating in different clubs and societies,5,explicit,4
0,16,An ambitious high school student with diverse interests developing strong leadership skills by actively participating in different clubs and societies,14,control,3
0,16,An ambitious high school student with diverse interests developing strong leadership skills by actively participating in different clubs and societies,14,predictive,3
0,16,An ambitious high school student with diverse interests developing strong leadership skills by actively participating in different clubs and societies,14,explicit,3
0,16,An ambitious high school student with diverse interests developing strong leadership skills by actively participating in different clubs and societies,22,control,3
0,16,An ambitious high school student with diverse interests developing strong leadership skills by actively participating in different clubs and societies,22,predictive,3
0,16,An ambitious high school student with diverse interests developing strong leadership skills by actively participating in different clubs and societies,22,explicit,4
0,16,An ambitious high school student with diverse interests developing strong leadership skills by actively participating in different clubs and societies,25,control,3
0,16,An ambitious high school student with diverse interests developing strong leadership skills by actively participating in different clubs and societies,25,predictive,4
0,16,An ambitious high school student with diverse interests developing strong leadership skills by actively participating in different clubs and societies,25,explicit,4
1,16,A high school student who is passionate about paleontology and looks up to scientists like Hou Xian-guang,32,control,2
1,16,A high school student who is passionate about paleontology and looks up to scientists like Hou Xian-guang,32,predictive,3
1,16,A high school student who is passionate about paleontology and looks up to scientists like Hou Xian-guang,32,explicit,3
1,16,A high school student who is passionate about paleontology and looks up to scientists like Hou Xian-guang,35,control,4
1,16,A high school student who is passionate about paleontology and looks up to scientists like Hou Xian-guang,35,predictive,3
1,16,A high school student who is passionate about paleontology and looks up to scientists like Hou Xian-guang,35,explicit,4
1,16,A high school student who is passionate about paleontology and looks up to scientists like Hou Xian-guang,34,control,3
1,16,A high school student who is passionate about paleontology and looks up to scientists like Hou Xian-guang,34,predictive,4
1,16,A high school student who is passionate about paleontology and looks up to scientists like Hou Xian-guang,34,explicit,3
1,16,A high school student who is passionate about paleontology and looks up to scientists like Hou Xian-guang,33,control,3
1,16,A high school student who is passionate about paleontology and looks up to scientists like Hou Xian-guang,33,predictive,3
1,16,A high school student who is passionate about paleontology and looks up to scientists like Hou Xian-guang,33,explicit,4
1,16,A high school student who is passionate about paleontology and looks up to scientists like Hou Xian-guang,20,control,3
1,16,A high school student who is passionate about paleontology and looks up to scientists like Hou Xian-guang,20,predictive,3
1,16,A high school student who is passionate about paleontology and looks up to scientists like Hou Xian-guang,20,explicit,3
1,16,A high school student who is passionate about paleontology and looks up to scientists like Hou Xian-guang,18,control,2
1,16,A high school student who is passionate about paleontology and looks up to scientists like Hou Xian-guang,18,predictive,3
1,16,A high school student who is passionate about paleontology and looks up to scientists like Hou Xian-guang,18,explicit,3
1,16,A high school student who is passionate about paleontology and looks up to scientists like Hou Xian-guang,27,control,4
1,16,A high school student who is passionate about paleontology and looks up to scientists like Hou Xian-guang,27,predictive,3
1,16,A high school student who is passionate about paleontology and looks up to scientists like Hou Xian-guang,27,explicit,3
1,16,A high school student who is passionate about paleontology and looks up to scientists like Hou Xian-guang,9,control,2
1,16,A high school student who is passionate about paleontology and looks up to scientists like Hou Xian-guang,9,predictive,3
1,16,A high school student who is passionate about paleontology and looks up to scientists like Hou Xian-guang,9,explicit,3
1,16,A high school student who is passionate about paleontology and looks up to scientists like Hou Xian-guang,11,control,4
1,16,A high school student who is passionate about paleontology and looks up to scientists like Hou Xian-guang,11,predictive,4
1,16,A high school student who is passionate about paleontology and looks up to scientists like Hou Xian-guang,11,explicit,4
1,16,A high school student who is passionate about paleontology and looks up to scientists like Hou Xian-guang,7,control,3
1,16,A high school student who is passionate about paleontology and looks up to scientists like Hou Xian-guang,7,predictive,4
1,16,A high school student who is passionate about paleontology and looks up to scientists like Hou Xian-guang,7,explicit,3
1,16,A high school student who is passionate about paleontology and looks up to scientists like Hou Xian-guang,29,control,3
1,16,A high school student who is passionate about paleontology and looks up to scientists like Hou Xian-guang,29,predictive,3
1,16,A high school student who is passionate about paleontology and looks up to scientists like Hou Xian-guang,29,explicit,4
1,16,A high school student who is passionate about paleontology and looks up to scientists like Hou Xian-guang,16,control,2
1,16,A high school student who is passionate about paleontology and looks up to scientists like Hou Xian-guang,16,predictive,2
1,16,A high school student who is passionate about paleontology and looks up to scientists like Hou Xian-guang,16,explicit,3
1,16,A high school student who is passionate about paleontology and looks up to scientists like Hou Xian-guang,6,control,2
1,16,A high school student who is passionate about paleontology and looks up to scientists like Hou Xian-guang,6,predictive,2
1,16,A high school student who is passionate about paleontology and looks up to scientists like Hou Xian-guang,6,explicit,3
1,16,A high school student who is passionate about paleontology and looks up to scientists like Hou Xian-guang,28,control,3
1,16,A high school student who is passionate about paleontology and looks up to scientists like Hou Xian-guang,28,predictive,4
1,16,A high school student who is passionate about paleontology and looks up to scientists like Hou Xian-guang,28,explicit,4
1,16,A high school student who is passionate about paleontology and looks up to scientists like Hou Xian-guang,17,control,2
1,16,A high school student who is passionate about paleontology and looks up to scientists like Hou Xian-guang,17,predictive,2
1,16,A high school student who is passionate about paleontology and looks up to scientists like Hou Xian-guang,17,explicit,3
1,16,A high school student who is passionate about paleontology and looks up to scientists like Hou Xian-guang,1,control,2
1,16,A high school student who is passionate about paleontology and looks up to scientists like Hou Xian-guang,1,predictive,3
1,16,A high school student who is passionate about paleontology and looks up to scientists like Hou Xian-guang,1,explicit,3
1,16,A high school student who is passionate about paleontology and looks up to scientists like Hou Xian-guang,10,control,2
1,16,A high school student who is passionate about paleontology and looks up to scientists like Hou Xian-guang,10,predictive,3
1,16,A high school student who is passionate about paleontology and looks up to scientists like Hou Xian-guang,10,explicit,3
1,16,A high school student who is passionate about paleontology and looks up to scientists like Hou Xian-guang,19,control,3
1,16,A high school student who is passionate about paleontology and looks up to scientists like Hou Xian-guang,19,predictive,3
1,16,A high school student who is passionate about paleontology and looks up to scientists like Hou Xian-guang,19,explicit,3
1,16,A high school student who is passionate about paleontology and looks up to scientists like Hou Xian-guang,26,control,3
1,16,A high school student who is passionate about paleontology and looks up to scientists like Hou Xian-guang,26,predictive,3
1,16,A high school student who is passionate about paleontology and looks up to scientists like Hou Xian-guang,26,explicit,3
1,16,A high school student who is passionate about paleontology and looks up to scientists like Hou Xian-guang,8,control,3
1,16,A high school student who is passionate about paleontology and looks up to scientists like Hou Xian-guang,8,predictive,3
1,16,A high school student who is passionate about paleontology and looks up to scientists like Hou Xian-guang,8,explicit,4
1,16,A high school student who is passionate about paleontology and looks up to scientists like Hou Xian-guang,21,control,2
1,16,A high school student who is passionate about paleontology and looks up to scientists like Hou Xian-guang,21,predictive,2
1,16,A high school student who is passionate about paleontology and looks up to scientists like Hou Xian-guang,21,explicit,3
1,16,A high school student who is passionate about paleontology and looks up to scientists like Hou Xian-guang,38,control,3
1,16,A high school student who is passionate about paleontology and looks up to scientists like Hou Xian-guang,38,predictive,3
1,16,A high school student who is passionate about paleontology and looks up to scientists like Hou Xian-guang,38,explicit,4
1,16,A high school student who is passionate about paleontology and looks up to scientists like Hou Xian-guang,36,control,2
1,16,A high school student who is passionate about paleontology and looks up to scientists like Hou Xian-guang,36,predictive,3
1,16,A high school student who is passionate about paleontology and looks up to scientists like Hou Xian-guang,36,explicit,3
1,16,A high school student who is passionate about paleontology and looks up to scientists like Hou Xian-guang,31,control,2
1,16,A high school student who is passionate about paleontology and looks up to scientists like Hou Xian-guang,31,predictive,4
1,16,A high school student who is passionate about paleontology and looks up to scientists like Hou Xian-guang,31,explicit,4
1,16,A high school student who is passionate about paleontology and looks up to scientists like Hou Xian-guang,30,control,2
1,16,A high school student who is passionate about paleontology and looks up to scientists like Hou Xian-guang,30,predictive,4
1,16,A high school student who is passionate about paleontology and looks up to scientists like Hou Xian-guang,30,explicit,4
1,16,A high school student who is passionate about paleontology and looks up to scientists like Hou Xian-guang,37,control,3
1,16,A high school student who is passionate about paleontology and looks up to scientists like Hou Xian-guang,37,predictive,2
1,16,A high school student who is passionate about paleontology and looks up to scientists like Hou Xian-guang,37,explicit,3
1,16,A high school student who is passionate about paleontology and looks up to scientists like Hou Xian-guang,39,control,1
1,16,A high school student who is passionate about paleontology and looks up to scientists like Hou Xian-guang,39,predictive,1
1,16,A high school student who is passionate about paleontology and looks up to scientists like Hou Xian-guang,39,explicit,3
1,16,A high school student who is passionate about paleontology and looks up to scientists like Hou Xian-guang,24,control,1
1,16,A high school student who is passionate about paleontology and looks up to scientists like Hou Xian-guang,24,predictive,3
1,16,A high school student who is passionate about paleontology and looks up to scientists like Hou Xian-guang,24,explicit,2
1,16,A high school student who is passionate about paleontology and looks up to scientists like Hou Xian-guang,23,control,1
1,16,A high school student who is passionate about paleontology and looks up to scientists like Hou Xian-guang,23,predictive,3
1,16,A high school student who is passionate about paleontology and looks up to scientists like Hou Xian-guang,23,explicit,3
1,16,A high school student who is passionate about paleontology and looks up to scientists like Hou Xian-guang,4,control,3
1,16,A high school student who is passionate about paleontology and looks up to scientists like Hou Xian-guang,4,predictive,3
1,16,A high school student who is passionate about paleontology and looks up to scientists like Hou Xian-guang,4,explicit,3
1,16,A high school student who is passionate about paleontology and looks up to scientists like Hou Xian-guang,15,control,1
1,16,A high school student who is passionate about paleontology and looks up to scientists like Hou Xian-guang,15,predictive,3
1,16,A high school student who is passionate about paleontology and looks up to scientists like Hou Xian-guang,15,explicit,4
1,16,A high school student who is passionate about paleontology and looks up to scientists like Hou Xian-guang,3,control,2
1,16,A high school student who is passionate about paleontology and looks up to scientists like Hou Xian-guang,3,predictive,4
1,16,A high school student who is passionate about paleontology and looks up to scientists like Hou Xian-guang,3,explicit,3
1,16,A high school student who is passionate about paleontology and looks up to scientists like Hou Xian-guang,12,control,4
1,16,A high school student who is passionate about paleontology and looks up to scientists like Hou Xian-guang,12,predictive,3
1,16,A high school student who is passionate about paleontology and looks up to scientists like Hou Xian-guang,12,explicit,3
1,16,A high school student who is passionate about paleontology and looks up to scientists like Hou Xian-guang,40,control,2
1,16,A high school student who is passionate about paleontology and looks up to scientists like Hou Xian-guang,40,predictive,2
1,16,A high school student who is passionate about paleontology and looks up to scientists like Hou Xian-guang,40,explicit,3
1,16,A high school student who is passionate about paleontology and looks up to scientists like Hou Xian-guang,2,control,3
1,16,A high school student who is passionate about paleontology and looks up to scientists like Hou Xian-guang,2,predictive,4
1,16,A high school student who is passionate about paleontology and looks up to scientists like Hou Xian-guang,2,explicit,4
1,16,A high school student who is passionate about paleontology and looks up to scientists like Hou Xian-guang,13,control,3
1,16,A high school student who is passionate about paleontology and looks up to scientists like Hou Xian-guang,13,predictive,4
1,16,A high school student who is passionate about paleontology and looks up to scientists like Hou Xian-guang,13,explicit,4
1,16,A high school student who is passionate about paleontology and looks up to scientists like Hou Xian-guang,5,control,3
1,16,A high school student who is passionate about paleontology and looks up to scientists like Hou Xian-guang,5,predictive,4
1,16,A high school student who is passionate about paleontology and looks up to scientists like Hou Xian-guang,5,explicit,4
1,16,A high school student who is passionate about paleontology and looks up to scientists like Hou Xian-guang,14,control,4
1,16,A high school student who is passionate about paleontology and looks up to scientists like Hou Xian-guang,14,predictive,3
1,16,A high school student who is passionate about paleontology and looks up to scientists like Hou Xian-guang,14,explicit,3
1,16,A high school student who is passionate about paleontology and looks up to scientists like Hou Xian-guang,22,control,3
1,16,A high school student who is passionate about paleontology and looks up to scientists like Hou Xian-guang,22,predictive,3
1,16,A high school student who is passionate about paleontology and looks up to scientists like Hou Xian-guang,22,explicit,4
1,16,A high school student who is passionate about paleontology and looks up to scientists like Hou Xian-guang,25,control,2
1,16,A high school student who is passionate about paleontology and looks up to scientists like Hou Xian-guang,25,predictive,4
1,16,A high school student who is passionate about paleontology and looks up to scientists like Hou Xian-guang,25,explicit,4
2,16,A high school student fascinated by how equations and theories apply to real-life constructions,32,control,2
2,16,A high school student fascinated by how equations and theories apply to real-life constructions,32,predictive,3
2,16,A high school student fascinated by how equations and theories apply to real-life constructions,32,explicit,3
2,16,A high school student fascinated by how equations and theories apply to real-life constructions,35,control,4
2,16,A high school student fascinated by how equations and theories apply to real-life constructions,35,predictive,3
2,16,A high school student fascinated by how equations and theories apply to real-life constructions,35,explicit,4
2,16,A high school student fascinated by how equations and theories apply to real-life constructions,34,control,3
2,16,A high school student fascinated by how equations and theories apply to real-life constructions,34,predictive,3
2,16,A high school student fascinated by how equations and theories apply to real-life constructions,34,explicit,3
2,16,A high school student fascinated by how equations and theories apply to real-life constructions,33,control,3
2,16,A high school student fascinated by how equations and theories apply to real-life constructions,33,predictive,4
2,16,A high school student fascinated by how equations and theories apply to real-life constructions,33,explicit,4
2,16,A high school student fascinated by how equations and theories apply to real-life constructions,20,control,3
2,16,A high school student fascinated by how equations and theories apply to real-life constructions,20,predictive,3
2,16,A high school student fascinated by how equations and theories apply to real-life constructions,20,explicit,4
2,16,A high school student fascinated by how equations and theories apply to real-life constructions,18,control,1
2,16,A high school student fascinated by how equations and theories apply to real-life constructions,18,predictive,3
2,16,A high school student fascinated by how equations and theories apply to real-life constructions,18,explicit,3
2,16,A high school student fascinated by how equations and theories apply to real-life constructions,27,control,4
2,16,A high school student fascinated by how equations and theories apply to real-life constructions,27,predictive,3
2,16,A high school student fascinated by how equations and theories apply to real-life constructions,27,explicit,3
2,16,A high school student fascinated by how equations and theories apply to real-life constructions,9,control,2
2,16,A high school student fascinated by how equations and theories apply to real-life constructions,9,predictive,2
2,16,A high school student fascinated by how equations and theories apply to real-life constructions,9,explicit,3
2,16,A high school student fascinated by how equations and theories apply to real-life constructions,11,control,4
2,16,A high school student fascinated by how equations and theories apply to real-life constructions,11,predictive,4
2,16,A high school student fascinated by how equations and theories apply to real-life constructions,11,explicit,3
2,16,A high school student fascinated by how equations and theories apply to real-life constructions,7,control,3
2,16,A high school student fascinated by how equations and theories apply to real-life constructions,7,predictive,4
2,16,A high school student fascinated by how equations and theories apply to real-life constructions,7,explicit,2
2,16,A high school student fascinated by how equations and theories apply to real-life constructions,29,control,4
2,16,A high school student fascinated by how equations and theories apply to real-life constructions,29,predictive,4
2,16,A high school student fascinated by how equations and theories apply to real-life constructions,29,explicit,4
2,16,A high school student fascinated by how equations and theories apply to real-life constructions,16,control,2
2,16,A high school student fascinated by how equations and theories apply to real-life constructions,16,predictive,2
2,16,A high school student fascinated by how equations and theories apply to real-life constructions,16,explicit,3
2,16,A high school student fascinated by how equations and theories apply to real-life constructions,6,control,2
2,16,A high school student fascinated by how equations and theories apply to real-life constructions,6,predictive,2
2,16,A high school student fascinated by how equations and theories apply to real-life constructions,6,explicit,3
2,16,A high school student fascinated by how equations and theories apply to real-life constructions,28,control,3
2,16,A high school student fascinated by how equations and theories apply to real-life constructions,28,predictive,4
2,16,A high school student fascinated by how equations and theories apply to real-life constructions,28,explicit,4
2,16,A high school student fascinated by how equations and theories apply to real-life constructions,17,control,2
2,16,A high school student fascinated by how equations and theories apply to real-life constructions,17,predictive,2
2,16,A high school student fascinated by how equations and theories apply to real-life constructions,17,explicit,3
2,16,A high school student fascinated by how equations and theories apply to real-life constructions,1,control,1
2,16,A high school student fascinated by how equations and theories apply to real-life constructions,1,predictive,3
2,16,A high school student fascinated by how equations and theories apply to real-life constructions,1,explicit,3
2,16,A high school student fascinated by how equations and theories apply to real-life constructions,10,control,2
2,16,A high school student fascinated by how equations and theories apply to real-life constructions,10,predictive,3
2,16,A high school student fascinated by how equations and theories apply to real-life constructions,10,explicit,4
2,16,A high school student fascinated by how equations and theories apply to real-life constructions,19,control,3
2,16,A high school student fascinated by how equations and theories apply to real-life constructions,19,predictive,3
2,16,A high school student fascinated by how equations and theories apply to real-life constructions,19,explicit,3
2,16,A high school student fascinated by how equations and theories apply to real-life constructions,26,control,3
2,16,A high school student fascinated by how equations and theories apply to real-life constructions,26,predictive,3
2,16,A high school student fascinated by how equations and theories apply to real-life constructions,26,explicit,3
2,16,A high school student fascinated by how equations and theories apply to real-life constructions,8,control,4
2,16,A high school student fascinated by how equations and theories apply to real-life constructions,8,predictive,3
2,16,A high school student fascinated by how equations and theories apply to real-life constructions,8,explicit,4
2,16,A high school student fascinated by how equations and theories apply to real-life constructions,21,control,2
2,16,A high school student fascinated by how equations and theories apply to real-life constructions,21,predictive,3
2,16,A high school student fascinated by how equations and theories apply to real-life constructions,21,explicit,3
2,16,A high school student fascinated by how equations and theories apply to real-life constructions,38,control,3
2,16,A high school student fascinated by how equations and theories apply to real-life constructions,38,predictive,4
2,16,A high school student fascinated by how equations and theories apply to real-life constructions,38,explicit,4
2,16,A high school student fascinated by how equations and theories apply to real-life constructions,36,control,3
2,16,A high school student fascinated by how equations and theories apply to real-life constructions,36,predictive,4
2,16,A high school student fascinated by how equations and theories apply to real-life constructions,36,explicit,3
2,16,A high school student fascinated by how equations and theories apply to real-life constructions,31,control,3
2,16,A high school student fascinated by how equations and theories apply to real-life constructions,31,predictive,4
2,16,A high school student fascinated by how equations and theories apply to real-life constructions,31,explicit,3
2,16,A high school student fascinated by how equations and theories apply to real-life constructions,30,control,3
2,16,A high school student fascinated by how equations and theories apply to real-life constructions,30,predictive,4
2,16,A high school student fascinated by how equations and theories apply to real-life constructions,30,explicit,3
2,16,A high school student fascinated by how equations and theories apply to real-life constructions,37,control,3
2,16,A high school student fascinated by how equations and theories apply to real-life constructions,37,predictive,3
2,16,A high school student fascinated by how equations and theories apply to real-life constructions,37,explicit,3
2,16,A high school student fascinated by how equations and theories apply to real-life constructions,39,control,1
2,16,A high school student fascinated by how equations and theories apply to real-life constructions,39,predictive,3
2,16,A high school student fascinated by how equations and theories apply to real-life constructions,39,explicit,3
2,16,A high school student fascinated by how equations and theories apply to real-life constructions,24,control,1
2,16,A high school student fascinated by how equations and theories apply to real-life constructions,24,predictive,3
2,16,A high school student fascinated by how equations and theories apply to real-life constructions,24,explicit,2
2,16,A high school student fascinated by how equations and theories apply to real-life constructions,23,control,1
2,16,A high school student fascinated by how equations and theories apply to real-life constructions,23,predictive,3
2,16,A high school student fascinated by how equations and theories apply to real-life constructions,23,explicit,4
2,16,A high school student fascinated by how equations and theories apply to real-life constructions,4,control,3
2,16,A high school student fascinated by how equations and theories apply to real-life constructions,4,predictive,3
2,16,A high school student fascinated by how equations and theories apply to real-life constructions,4,explicit,3
2,16,A high school student fascinated by how equations and theories apply to real-life constructions,15,control,2
2,16,A high school student fascinated by how equations and theories apply to real-life constructions,15,predictive,4
2,16,A high school student fascinated by how equations and theories apply to real-life constructions,15,explicit,4
2,16,A high school student fascinated by how equations and theories apply to real-life constructions,3,control,3
2,16,A high school student fascinated by how equations and theories apply to real-life constructions,3,predictive,3
2,16,A high school student fascinated by how equations and theories apply to real-life constructions,3,explicit,3
2,16,A high school student fascinated by how equations and theories apply to real-life constructions,12,control,4
2,16,A high school student fascinated by how equations and theories apply to real-life constructions,12,predictive,3
2,16,A high school student fascinated by how equations and theories apply to real-life constructions,12,explicit,3
2,16,A high school student fascinated by how equations and theories apply to real-life constructions,40,control,3
2,16,A high school student fascinated by how equations and theories apply to real-life constructions,40,predictive,2
2,16,A high school student fascinated by how equations and theories apply to real-life constructions,40,explicit,3
2,16,A high school student fascinated by how equations and theories apply to real-life constructions,2,control,3
2,16,A high school student fascinated by how equations and theories apply to real-life constructions,2,predictive,4
2,16,A high school student fascinated by how equations and theories apply to real-life constructions,2,explicit,4
2,16,A high school student fascinated by how equations and theories apply to real-life constructions,13,control,3
2,16,A high school student fascinated by how equations and theories apply to real-life constructions,13,predictive,4
2,16,A high school student fascinated by how equations and theories apply to real-life constructions,13,explicit,4
2,16,A high school student fascinated by how equations and theories apply to real-life constructions,5,control,2
2,16,A high school student fascinated by how equations and theories apply to real-life constructions,5,predictive,4
2,16,A high school student fascinated by how equations and theories apply to real-life constructions,5,explicit,3
2,16,A high school student fascinated by how equations and theories apply to real-life constructions,14,control,3
2,16,A high school student fascinated by how equations and theories apply to real-life constructions,14,predictive,3
2,16,A high school student fascinated by how equations and theories apply to real-life constructions,14,explicit,3
2,16,A high school student fascinated by how equations and theories apply to real-life constructions,22,control,3
2,16,A high school student fascinated by how equations and theories apply to real-life constructions,22,predictive,4
2,16,A high school student fascinated by how equations and theories apply to real-life constructions,22,explicit,4
2,16,A high school student fascinated by how equations and theories apply to real-life constructions,25,control,3
2,16,A high school student fascinated by how equations and theories apply to real-life constructions,25,predictive,4
2,16,A high school student fascinated by how equations and theories apply to real-life constructions,25,explicit,4
3,16,A high school student on the baseball team who is keen on learning the sport's history and tactics,32,control,2
3,16,A high school student on the baseball team who is keen on learning the sport's history and tactics,32,predictive,3
3,16,A high school student on the baseball team who is keen on learning the sport's history and tactics,32,explicit,3
3,16,A high school student on the baseball team who is keen on learning the sport's history and tactics,35,control,4
3,16,A high school student on the baseball team who is keen on learning the sport's history and tactics,35,predictive,3
3,16,A high school student on the baseball team who is keen on learning the sport's history and tactics,35,explicit,4
3,16,A high school student on the baseball team who is keen on learning the sport's history and tactics,34,control,3
3,16,A high school student on the baseball team who is keen on learning the sport's history and tactics,34,predictive,3
3,16,A high school student on the baseball team who is keen on learning the sport's history and tactics,34,explicit,3
3,16,A high school student on the baseball team who is keen on learning the sport's history and tactics,33,control,3
3,16,A high school student on the baseball team who is keen on learning the sport's history and tactics,33,predictive,4
3,16,A high school student on the baseball team who is keen on learning the sport's history and tactics,33,explicit,4
3,16,A high school student on the baseball team who is keen on learning the sport's history and tactics,20,control,2
3,16,A high school student on the baseball team who is keen on learning the sport's history and tactics,20,predictive,3
3,16,A high school student on the baseball team who is keen on learning the sport's history and tactics,20,explicit,3
3,16,A high school student on the baseball team who is keen on learning the sport's history and tactics,18,control,2
3,16,A high school student on the baseball team who is keen on learning the sport's history and tactics,18,predictive,3
3,16,A high school student on the baseball team who is keen on learning the sport's history and tactics,18,explicit,3
3,16,A high school student on the baseball team who is keen on learning the sport's history and tactics,27,control,2
3,16,A high school student on the baseball team who is keen on learning the sport's history and tactics,27,predictive,2
3,16,A high school student on the baseball team who is keen on learning the sport's history and tactics,27,explicit,3
3,16,A high school student on the baseball team who is keen on learning the sport's history and tactics,9,control,2
3,16,A high school student on the baseball team who is keen on learning the sport's history and tactics,9,predictive,3
3,16,A high school student on the baseball team who is keen on learning the sport's history and tactics,9,explicit,3
3,16,A high school student on the baseball team who is keen on learning the sport's history and tactics,11,control,3
3,16,A high school student on the baseball team who is keen on learning the sport's history and tactics,11,predictive,3
3,16,A high school student on the baseball team who is keen on learning the sport's history and tactics,11,explicit,4
3,16,A high school student on the baseball team who is keen on learning the sport's history and tactics,7,control,3
3,16,A high school student on the baseball team who is keen on learning the sport's history and tactics,7,predictive,4
3,16,A high school student on the baseball team who is keen on learning the sport's history and tactics,7,explicit,2
3,16,A high school student on the baseball team who is keen on learning the sport's history and tactics,29,control,3
3,16,A high school student on the baseball team who is keen on learning the sport's history and tactics,29,predictive,3
3,16,A high school student on the baseball team who is keen on learning the sport's history and tactics,29,explicit,4
3,16,A high school student on the baseball team who is keen on learning the sport's history and tactics,16,control,1
3,16,A high school student on the baseball team who is keen on learning the sport's history and tactics,16,predictive,2
3,16,A high school student on the baseball team who is keen on learning the sport's history and tactics,16,explicit,3
3,16,A high school student on the baseball team who is keen on learning the sport's history and tactics,6,control,2
3,16,A high school student on the baseball team who is keen on learning the sport's history and tactics,6,predictive,2
3,16,A high school student on the baseball team who is keen on learning the sport's history and tactics,6,explicit,2
3,16,A high school student on the baseball team who is keen on learning the sport's history and tactics,28,control,3
3,16,A high school student on the baseball team who is keen on learning the sport's history and tactics,28,predictive,3
3,16,A high school student on the baseball team who is keen on learning the sport's history and tactics,28,explicit,4
3,16,A high school student on the baseball team who is keen on learning the sport's history and tactics,17,control,2
3,16,A high school student on the baseball team who is keen on learning the sport's history and tactics,17,predictive,2
3,16,A high school student on the baseball team who is keen on learning the sport's history and tactics,17,explicit,3
3,16,A high school student on the baseball team who is keen on learning the sport's history and tactics,1,control,1
3,16,A high school student on the baseball team who is keen on learning the sport's history and tactics,1,predictive,3
3,16,A high school student on the baseball team who is keen on learning the sport's history and tactics,1,explicit,3
3,16,A high school student on the baseball team who is keen on learning the sport's history and tactics,10,control,2
3,16,A high school student on the baseball team who is keen on learning the sport's history and tactics,10,predictive,3
3,16,A high school student on the baseball team who is keen on learning the sport's history and tactics,10,explicit,3
3,16,A high school student on the baseball team who is keen on learning the sport's history and tactics,19,control,3
3,16,A high school student on the baseball team who is keen on learning the sport's history and tactics,19,predictive,3
3,16,A high school student on the baseball team who is keen on learning the sport's history and tactics,19,explicit,3
3,16,A high school student on the baseball team who is keen on learning the sport's history and tactics,26,control,3
3,16,A high school student on the baseball team who is keen on learning the sport's history and tactics,26,predictive,3
3,16,A high school student on the baseball team who is keen on learning the sport's history and tactics,26,explicit,3
3,16,A high school student on the baseball team who is keen on learning the sport's history and tactics,8,control,3
3,16,A high school student on the baseball team who is keen on learning the sport's history and tactics,8,predictive,3
3,16,A high school student on the baseball team who is keen on learning the sport's history and tactics,8,explicit,4
3,16,A high school student on the baseball team who is keen on learning the sport's history and tactics,21,control,2
3,16,A high school student on the baseball team who is keen on learning the sport's history and tactics,21,predictive,2
3,16,A high school student on the baseball team who is keen on learning the sport's history and tactics,21,explicit,3
3,16,A high school student on the baseball team who is keen on learning the sport's history and tactics,38,control,2
3,16,A high school student on the baseball team who is keen on learning the sport's history and tactics,38,predictive,3
3,16,A high school student on the baseball team who is keen on learning the sport's history and tactics,38,explicit,3
3,16,A high school student on the baseball team who is keen on learning the sport's history and tactics,36,control,2
3,16,A high school student on the baseball team who is keen on learning the sport's history and tactics,36,predictive,3
3,16,A high school student on the baseball team who is keen on learning the sport's history and tactics,36,explicit,3
3,16,A high school student on the baseball team who is keen on learning the sport's history and tactics,31,control,2
3,16,A high school student on the baseball team who is keen on learning the sport's history and tactics,31,predictive,4
3,16,A high school student on the baseball team who is keen on learning the sport's history and tactics,31,explicit,3
3,16,A high school student on the baseball team who is keen on learning the sport's history and tactics,30,control,2
3,16,A high school student on the baseball team who is keen on learning the sport's history and tactics,30,predictive,3
3,16,A high school student on the baseball team who is keen on learning the sport's history and tactics,30,explicit,3
3,16,A high school student on the baseball team who is keen on learning the sport's history and tactics,37,control,3
3,16,A high school student on the baseball team who is keen on learning the sport's history and tactics,37,predictive,3
3,16,A high school student on the baseball team who is keen on learning the sport's history and tactics,37,explicit,3
3,16,A high school student on the baseball team who is keen on learning the sport's history and tactics,39,control,1
3,16,A high school student on the baseball team who is keen on learning the sport's history and tactics,39,predictive,2
3,16,A high school student on the baseball team who is keen on learning the sport's history and tactics,39,explicit,3
3,16,A high school student on the baseball team who is keen on learning the sport's history and tactics,24,control,1
3,16,A high school student on the baseball team who is keen on learning the sport's history and tactics,24,predictive,2
3,16,A high school student on the baseball team who is keen on learning the sport's history and tactics,24,explicit,2
3,16,A high school student on the baseball team who is keen on learning the sport's history and tactics,23,control,1
3,16,A high school student on the baseball team who is keen on learning the sport's history and tactics,23,predictive,4
3,16,A high school student on the baseball team who is keen on learning the sport's history and tactics,23,explicit,3
3,16,A high school student on the baseball team who is keen on learning the sport's history and tactics,4,control,3
3,16,A high school student on the baseball team who is keen on learning the sport's history and tactics,4,predictive,3
3,16,A high school student on the baseball team who is keen on learning the sport's history and tactics,4,explicit,3
3,16,A high school student on the baseball team who is keen on learning the sport's history and tactics,15,control,1
3,16,A high school student on the baseball team who is keen on learning the sport's history and tactics,15,predictive,3
3,16,A high school student on the baseball team who is keen on learning the sport's history and tactics,15,explicit,4
3,16,A high school student on the baseball team who is keen on learning the sport's history and tactics,3,control,3
3,16,A high school student on the baseball team who is keen on learning the sport's history and tactics,3,predictive,4
3,16,A high school student on the baseball team who is keen on learning the sport's history and tactics,3,explicit,3
3,16,A high school student on the baseball team who is keen on learning the sport's history and tactics,12,control,3
3,16,A high school student on the baseball team who is keen on learning the sport's history and tactics,12,predictive,3
3,16,A high school student on the baseball team who is keen on learning the sport's history and tactics,12,explicit,4
3,16,A high school student on the baseball team who is keen on learning the sport's history and tactics,40,control,2
3,16,A high school student on the baseball team who is keen on learning the sport's history and tactics,40,predictive,2
3,16,A high school student on the baseball team who is keen on learning the sport's history and tactics,40,explicit,3
3,16,A high school student on the baseball team who is keen on learning the sport's history and tactics,2,control,2
3,16,A high school student on the baseball team who is keen on learning the sport's history and tactics,2,predictive,4
3,16,A high school student on the baseball team who is keen on learning the sport's history and tactics,2,explicit,3
3,16,A high school student on the baseball team who is keen on learning the sport's history and tactics,13,control,3
3,16,A high school student on the baseball team who is keen on learning the sport's history and tactics,13,predictive,3
3,16,A high school student on the baseball team who is keen on learning the sport's history and tactics,13,explicit,4
3,16,A high school student on the baseball team who is keen on learning the sport's history and tactics,5,control,3
3,16,A high school student on the baseball team who is keen on learning the sport's history and tactics,5,predictive,3
3,16,A high school student on the baseball team who is keen on learning the sport's history and tactics,5,explicit,4
3,16,A high school student on the baseball team who is keen on learning the sport's history and tactics,14,control,3
3,16,A high school student on the baseball team who is keen on learning the sport's history and tactics,14,predictive,3
3,16,A high school student on the baseball team who is keen on learning the sport's history and tactics,14,explicit,3
3,16,A high school student on the baseball team who is keen on learning the sport's history and tactics,22,control,3
3,16,A high school student on the baseball team who is keen on learning the sport's history and tactics,22,predictive,4
3,16,A high school student on the baseball team who is keen on learning the sport's history and tactics,22,explicit,3
3,16,A high school student on the baseball team who is keen on learning the sport's history and tactics,25,control,2
3,16,A high school student on the baseball team who is keen on learning the sport's history and tactics,25,predictive,3
3,16,A high school student on the baseball team who is keen on learning the sport's history and tactics,25,explicit,4
4,16,A curious high school student who assists in conducting and documenting their visual experiments,32,control,2
4,16,A curious high school student who assists in conducting and documenting their visual experiments,32,predictive,4
4,16,A curious high school student who assists in conducting and documenting their visual experiments,32,explicit,4
4,16,A curious high school student who assists in conducting and documenting their visual experiments,35,control,4
4,16,A curious high school student who assists in conducting and documenting their visual experiments,35,predictive,3
4,16,A curious high school student who assists in conducting and documenting their visual experiments,35,explicit,4
4,16,A curious high school student who assists in conducting and documenting their visual experiments,34,control,3
4,16,A curious high school student who assists in conducting and documenting their visual experiments,34,predictive,3
4,16,A curious high school student who assists in conducting and documenting their visual experiments,34,explicit,3
4,16,A curious high school student who assists in conducting and documenting their visual experiments,33,control,3
4,16,A curious high school student who assists in conducting and documenting their visual experiments,33,predictive,3
4,16,A curious high school student who assists in conducting and documenting their visual experiments,33,explicit,4
4,16,A curious high school student who assists in conducting and documenting their visual experiments,20,control,3
4,16,A curious high school student who assists in conducting and documenting their visual experiments,20,predictive,3
4,16,A curious high school student who assists in conducting and documenting their visual experiments,20,explicit,4
4,16,A curious high school student who assists in conducting and documenting their visual experiments,18,control,2
4,16,A curious high school student who assists in conducting and documenting their visual experiments,18,predictive,3
4,16,A curious high school student who assists in conducting and documenting their visual experiments,18,explicit,3
4,16,A curious high school student who assists in conducting and documenting their visual experiments,27,control,4
4,16,A curious high school student who assists in conducting and documenting their visual experiments,27,predictive,3
4,16,A curious high school student who assists in conducting and documenting their visual experiments,27,explicit,4
4,16,A curious high school student who assists in conducting and documenting their visual experiments,9,control,2
4,16,A curious high school student who assists in conducting and documenting their visual experiments,9,predictive,3
4,16,A curious high school student who assists in conducting and documenting their visual experiments,9,explicit,3
4,16,A curious high school student who assists in conducting and documenting their visual experiments,11,control,4
4,16,A curious high school student who assists in conducting and documenting their visual experiments,11,predictive,4
4,16,A curious high school student who assists in conducting and documenting their visual experiments,11,explicit,4
4,16,A curious high school student who assists in conducting and documenting their visual experiments,7,control,3
4,16,A curious high school student who assists in conducting and documenting their visual experiments,7,predictive,4
4,16,A curious high school student who assists in conducting and documenting their visual experiments,7,explicit,1
4,16,A curious high school student who assists in conducting and documenting their visual experiments,29,control,4
4,16,A curious high school student who assists in conducting and documenting their visual experiments,29,predictive,4
4,16,A curious high school student who assists in conducting and documenting their visual experiments,29,explicit,4
4,16,A curious high school student who assists in conducting and documenting their visual experiments,16,control,2
4,16,A curious high school student who assists in conducting and documenting their visual experiments,16,predictive,3
4,16,A curious high school student who assists in conducting and documenting their visual experiments,16,explicit,3
4,16,A curious high school student who assists in conducting and documenting their visual experiments,6,control,2
4,16,A curious high school student who assists in conducting and documenting their visual experiments,6,predictive,2
4,16,A curious high school student who assists in conducting and documenting their visual experiments,6,explicit,3
4,16,A curious high school student who assists in conducting and documenting their visual experiments,28,control,3
4,16,A curious high school student who assists in conducting and documenting their visual experiments,28,predictive,4
4,16,A curious high school student who assists in conducting and documenting their visual experiments,28,explicit,4
4,16,A curious high school student who assists in conducting and documenting their visual experiments,17,control,2
4,16,A curious high school student who assists in conducting and documenting their visual experiments,17,predictive,2
4,16,A curious high school student who assists in conducting and documenting their visual experiments,17,explicit,3
4,16,A curious high school student who assists in conducting and documenting their visual experiments,1,control,1
4,16,A curious high school student who assists in conducting and documenting their visual experiments,1,predictive,3
4,16,A curious high school student who assists in conducting and documenting their visual experiments,1,explicit,3
4,16,A curious high school student who assists in conducting and documenting their visual experiments,10,control,2
4,16,A curious high school student who assists in conducting and documenting their visual experiments,10,predictive,3
4,16,A curious high school student who assists in conducting and documenting their visual experiments,10,explicit,3
4,16,A curious high school student who assists in conducting and documenting their visual experiments,19,control,3
4,16,A curious high school student who assists in conducting and documenting their visual experiments,19,predictive,3
4,16,A curious high school student who assists in conducting and documenting their visual experiments,19,explicit,3
4,16,A curious high school student who assists in conducting and documenting their visual experiments,26,control,3
4,16,A curious high school student who assists in conducting and documenting their visual experiments,26,predictive,3
4,16,A curious high school student who assists in conducting and documenting their visual experiments,26,explicit,3
4,16,A curious high school student who assists in conducting and documenting their visual experiments,8,control,3
4,16,A curious high school student who assists in conducting and documenting their visual experiments,8,predictive,3
4,16,A curious high school student who assists in conducting and documenting their visual experiments,8,explicit,4
4,16,A curious high school student who assists in conducting and documenting their visual experiments,21,control,3
4,16,A curious high school student who assists in conducting and documenting their visual experiments,21,predictive,3
4,16,A curious high school student who assists in conducting and documenting their visual experiments,21,explicit,3
4,16,A curious high school student who assists in conducting and documenting their visual experiments,38,control,3
4,16,A curious high school student who assists in conducting and documenting their visual experiments,38,predictive,3
4,16,A curious high school student who assists in conducting and documenting their visual experiments,38,explicit,3
4,16,A curious high school student who assists in conducting and documenting their visual experiments,36,control,2
4,16,A curious high school student who assists in conducting and documenting their visual experiments,36,predictive,3
4,16,A curious high school student who assists in conducting and documenting their visual experiments,36,explicit,3
4,16,A curious high school student who assists in conducting and documenting their visual experiments,31,control,3
4,16,A curious high school student who assists in conducting and documenting their visual experiments,31,predictive,4
4,16,A curious high school student who assists in conducting and documenting their visual experiments,31,explicit,3
4,16,A curious high school student who assists in conducting and documenting their visual experiments,30,control,2
4,16,A curious high school student who assists in conducting and documenting their visual experiments,30,predictive,3
4,16,A curious high school student who assists in conducting and documenting their visual experiments,30,explicit,3
4,16,A curious high school student who assists in conducting and documenting their visual experiments,37,control,3
4,16,A curious high school student who assists in conducting and documenting their visual experiments,37,predictive,3
4,16,A curious high school student who assists in conducting and documenting their visual experiments,37,explicit,3
4,16,A curious high school student who assists in conducting and documenting their visual experiments,39,control,1
4,16,A curious high school student who assists in conducting and documenting their visual experiments,39,predictive,3
4,16,A curious high school student who assists in conducting and documenting their visual experiments,39,explicit,3
4,16,A curious high school student who assists in conducting and documenting their visual experiments,24,control,1
4,16,A curious high school student who assists in conducting and documenting their visual experiments,24,predictive,3
4,16,A curious high school student who assists in conducting and documenting their visual experiments,24,explicit,2
4,16,A curious high school student who assists in conducting and documenting their visual experiments,23,control,3
4,16,A curious high school student who assists in conducting and documenting their visual experiments,23,predictive,3
4,16,A curious high school student who assists in conducting and documenting their visual experiments,23,explicit,4
4,16,A curious high school student who assists in conducting and documenting their visual experiments,4,control,3
4,16,A curious high school student who assists in conducting and documenting their visual experiments,4,predictive,3
4,16,A curious high school student who assists in conducting and documenting their visual experiments,4,explicit,3
4,16,A curious high school student who assists in conducting and documenting their visual experiments,15,control,1
4,16,A curious high school student who assists in conducting and documenting their visual experiments,15,predictive,3
4,16,A curious high school student who assists in conducting and documenting their visual experiments,15,explicit,4
4,16,A curious high school student who assists in conducting and documenting their visual experiments,3,control,3
4,16,A curious high school student who assists in conducting and documenting their visual experiments,3,predictive,4
4,16,A curious high school student who assists in conducting and documenting their visual experiments,3,explicit,4
4,16,A curious high school student who assists in conducting and documenting their visual experiments,12,control,3
4,16,A curious high school student who assists in conducting and documenting their visual experiments,12,predictive,4
4,16,A curious high school student who assists in conducting and documenting their visual experiments,12,explicit,3
4,16,A curious high school student who assists in conducting and documenting their visual experiments,40,control,3
4,16,A curious high school student who assists in conducting and documenting their visual experiments,40,predictive,2
4,16,A curious high school student who assists in conducting and documenting their visual experiments,40,explicit,3
4,16,A curious high school student who assists in conducting and documenting their visual experiments,2,control,3
4,16,A curious high school student who assists in conducting and documenting their visual experiments,2,predictive,4
4,16,A curious high school student who assists in conducting and documenting their visual experiments,2,explicit,4
4,16,A curious high school student who assists in conducting and documenting their visual experiments,13,control,4
4,16,A curious high school student who assists in conducting and documenting their visual experiments,13,predictive,4
4,16,A curious high school student who assists in conducting and documenting their visual experiments,13,explicit,4
4,16,A curious high school student who assists in conducting and documenting their visual experiments,5,control,2
4,16,A curious high school student who assists in conducting and documenting their visual experiments,5,predictive,3
4,16,A curious high school student who assists in conducting and documenting their visual experiments,5,explicit,4
4,16,A curious high school student who assists in conducting and documenting their visual experiments,14,control,3
4,16,A curious high school student who assists in conducting and documenting their visual experiments,14,predictive,3
4,16,A curious high school student who assists in conducting and documenting their visual experiments,14,explicit,3
4,16,A curious high school student who assists in conducting and documenting their visual experiments,22,control,3
4,16,A curious high school student who assists in conducting and documenting their visual experiments,22,predictive,3
4,16,A curious high school student who assists in conducting and documenting their visual experiments,22,explicit,4
4,16,A curious high school student who assists in conducting and documenting their visual experiments,25,control,3
4,16,A curious high school student who assists in conducting and documenting their visual experiments,25,predictive,4
4,16,A curious high school student who assists in conducting and documenting their visual experiments,25,explicit,4
5,16,A high school senior organizing a student-led political action group at their school,32,control,2
5,16,A high school senior organizing a student-led political action group at their school,32,predictive,4
5,16,A high school senior organizing a student-led political action group at their school,32,explicit,4
5,16,A high school senior organizing a student-led political action group at their school,35,control,3
5,16,A high school senior organizing a student-led political action group at their school,35,predictive,3
5,16,A high school senior organizing a student-led political action group at their school,35,explicit,3
5,16,A high school senior organizing a student-led political action group at their school,34,control,3
5,16,A high school senior organizing a student-led political action group at their school,34,predictive,3
5,16,A high school senior organizing a student-led political action group at their school,34,explicit,3
5,16,A high school senior organizing a student-led political action group at their school,33,control,3
5,16,A high school senior organizing a student-led political action group at their school,33,predictive,4
5,16,A high school senior organizing a student-led political action group at their school,33,explicit,4
5,16,A high school senior organizing a student-led political action group at their school,20,control,3
5,16,A high school senior organizing a student-led political action group at their school,20,predictive,3
5,16,A high school senior organizing a student-led political action group at their school,20,explicit,4
5,16,A high school senior organizing a student-led political action group at their school,18,control,2
5,16,A high school senior organizing a student-led political action group at their school,18,predictive,3
5,16,A high school senior organizing a student-led political action group at their school,18,explicit,3
5,16,A high school senior organizing a student-led political action group at their school,27,control,3
5,16,A high school senior organizing a student-led political action group at their school,27,predictive,3
5,16,A high school senior organizing a student-led political action group at their school,27,explicit,3
5,16,A high school senior organizing a student-led political action group at their school,9,control,2
5,16,A high school senior organizing a student-led political action group at their school,9,predictive,3
5,16,A high school senior organizing a student-led political action group at their school,9,explicit,3
5,16,A high school senior organizing a student-led political action group at their school,11,control,4
5,16,A high school senior organizing a student-led political action group at their school,11,predictive,3
5,16,A high school senior organizing a student-led political action group at their school,11,explicit,3
5,16,A high school senior organizing a student-led political action group at their school,7,control,3
5,16,A high school senior organizing a student-led political action group at their school,7,predictive,4
5,16,A high school senior organizing a student-led political action group at their school,7,explicit,2
5,16,A high school senior organizing a student-led political action group at their school,29,control,3
5,16,A high school senior organizing a student-led political action group at their school,29,predictive,3
5,16,A high school senior organizing a student-led political action group at their school,29,explicit,4
5,16,A high school senior organizing a student-led political action group at their school,16,control,2
5,16,A high school senior organizing a student-led political action group at their school,16,predictive,2
5,16,A high school senior organizing a student-led political action group at their school,16,explicit,3
5,16,A high school senior organizing a student-led political action group at their school,6,control,2
5,16,A high school senior organizing a student-led political action group at their school,6,predictive,2
5,16,A high school senior organizing a student-led political action group at their school,6,explicit,3
5,16,A high school senior organizing a student-led political action group at their school,28,control,3
5,16,A high school senior organizing a student-led political action group at their school,28,predictive,4
5,16,A high school senior organizing a student-led political action group at their school,28,explicit,4
5,16,A high school senior organizing a student-led political action group at their school,17,control,2
5,16,A high school senior organizing a student-led political action group at their school,17,predictive,2
5,16,A high school senior organizing a student-led political action group at their school,17,explicit,3
5,16,A high school senior organizing a student-led political action group at their school,1,control,2
5,16,A high school senior organizing a student-led political action group at their school,1,predictive,3
5,16,A high school senior organizing a student-led political action group at their school,1,explicit,3
5,16,A high school senior organizing a student-led political action group at their school,10,control,2
5,16,A high school senior organizing a student-led political action group at their school,10,predictive,3
5,16,A high school senior organizing a student-led political action group at their school,10,explicit,3
5,16,A high school senior organizing a student-led political action group at their school,19,control,3
5,16,A high school senior organizing a student-led political action group at their school,19,predictive,3
5,16,A high school senior organizing a student-led political action group at their school,19,explicit,3
5,16,A high school senior organizing a student-led political action group at their school,26,control,3
5,16,A high school senior organizing a student-led political action group at their school,26,predictive,3
5,16,A high school senior organizing a student-led political action group at their school,26,explicit,3
5,16,A high school senior organizing a student-led political action group at their school,8,control,3
5,16,A high school senior organizing a student-led political action group at their school,8,predictive,3
5,16,A high school senior organizing a student-led political action group at their school,8,explicit,4
5,16,A high school senior organizing a student-led political action group at their school,21,control,2
5,16,A high school senior organizing a student-led political action group at their school,21,predictive,2
5,16,A high school senior organizing a student-led political action group at their school,21,explicit,3
5,16,A high school senior organizing a student-led political action group at their school,38,control,2
5,16,A high school senior organizing a student-led political action group at their school,38,predictive,4
5,16,A high school senior organizing a student-led political action group at their school,38,explicit,4
5,16,A high school senior organizing a student-led political action group at their school,36,control,2
5,16,A high school senior organizing a student-led political action group at their school,36,predictive,4
5,16,A high school senior organizing a student-led political action group at their school,36,explicit,4
5,16,A high school senior organizing a student-led political action group at their school,31,control,2
5,16,A high school senior organizing a student-led political action group at their school,31,predictive,4
5,16,A high school senior organizing a student-led political action group at their school,31,explicit,3
5,16,A high school senior organizing a student-led political action group at their school,30,control,3
5,16,A high school senior organizing a student-led political action group at their school,30,predictive,4
5,16,A high school senior organizing a student-led political action group at their school,30,explicit,3
5,16,A high school senior organizing a student-led political action group at their school,37,control,3
5,16,A high school senior organizing a student-led political action group at their school,37,predictive,3
5,16,A high school senior organizing a student-led political action group at their school,37,explicit,3
5,16,A high school senior organizing a student-led political action group at their school,39,control,1
5,16,A high school senior organizing a student-led political action group at their school,39,predictive,3
5,16,A high school senior organizing a student-led political action group at their school,39,explicit,3
5,16,A high school senior organizing a student-led political action group at their school,24,control,1
5,16,A high school senior organizing a student-led political action group at their school,24,predictive,2
5,16,A high school senior organizing a student-led political action group at their school,24,explicit,2
5,16,A high school senior organizing a student-led political action group at their school,23,control,1
5,16,A high school senior organizing a student-led political action group at their school,23,predictive,3
5,16,A high school senior organizing a student-led political action group at their school,23,explicit,3
5,16,A high school senior organizing a student-led political action group at their school,4,control,3
5,16,A high school senior organizing a student-led political action group at their school,4,predictive,3
5,16,A high school senior organizing a student-led political action group at their school,4,explicit,3
5,16,A high school senior organizing a student-led political action group at their school,15,control,1
5,16,A high school senior organizing a student-led political action group at their school,15,predictive,3
5,16,A high school senior organizing a student-led political action group at their school,15,explicit,4
5,16,A high school senior organizing a student-led political action group at their school,3,control,3
5,16,A high school senior organizing a student-led political action group at their school,3,predictive,4
5,16,A high school senior organizing a student-led political action group at their school,3,explicit,3
5,16,A high school senior organizing a student-led political action group at their school,12,control,3
5,16,A high school senior organizing a student-led political action group at their school,12,predictive,4
5,16,A high school senior organizing a student-led political action group at their school,12,explicit,4
5,16,A high school senior organizing a student-led political action group at their school,40,control,3
5,16,A high school senior organizing a student-led political action group at their school,40,predictive,3
5,16,A high school senior organizing a student-led political action group at their school,40,explicit,3
5,16,A high school senior organizing a student-led political action group at their school,2,control,2
5,16,A high school senior organizing a student-led political action group at their school,2,predictive,4
5,16,A high school senior organizing a student-led political action group at their school,2,explicit,4
5,16,A high school senior organizing a student-led political action group at their school,13,control,3
5,16,A high school senior organizing a student-led political action group at their school,13,predictive,4
5,16,A high school senior organizing a student-led political action group at their school,13,explicit,3
5,16,A high school senior organizing a student-led political action group at their school,5,control,3
5,16,A high school senior organizing a student-led political action group at their school,5,predictive,3
5,16,A high school senior organizing a student-led political action group at their school,5,explicit,3
5,16,A high school senior organizing a student-led political action group at their school,14,control,3
5,16,A high school senior organizing a student-led political action group at their school,14,predictive,3
5,16,A high school senior organizing a student-led political action group at their school,14,explicit,3
5,16,A high school senior organizing a student-led political action group at their school,22,control,3
5,16,A high school senior organizing a student-led political action group at their school,22,predictive,3
5,16,A high school senior organizing a student-led political action group at their school,22,explicit,4
5,16,A high school senior organizing a student-led political action group at their school,25,control,3
5,16,A high school senior organizing a student-led political action group at their school,25,predictive,4
5,16,A high school senior organizing a student-led political action group at their school,25,explicit,4
6,16,A high schooler seeking guidance on how to improve their research skills for academic success,32,control,2
6,16,A high schooler seeking guidance on how to improve their research skills for academic success,32,predictive,4
6,16,A high schooler seeking guidance on how to improve their research skills for academic success,32,explicit,4
6,16,A high schooler seeking guidance on how to improve their research skills for academic success,35,control,4
6,16,A high schooler seeking guidance on how to improve their research skills for academic success,35,predictive,3
6,16,A high schooler seeking guidance on how to improve their research skills for academic success,35,explicit,3
6,16,A high schooler seeking guidance on how to improve their research skills for academic success,34,control,3
6,16,A high schooler seeking guidance on how to improve their research skills for academic success,34,predictive,3
6,16,A high schooler seeking guidance on how to improve their research skills for academic success,34,explicit,3
6,16,A high schooler seeking guidance on how to improve their research skills for academic success,33,control,3
6,16,A high schooler seeking guidance on how to improve their research skills for academic success,33,predictive,4
6,16,A high schooler seeking guidance on how to improve their research skills for academic success,33,explicit,4
6,16,A high schooler seeking guidance on how to improve their research skills for academic success,20,control,2
6,16,A high schooler seeking guidance on how to improve their research skills for academic success,20,predictive,3
6,16,A high schooler seeking guidance on how to improve their research skills for academic success,20,explicit,4
6,16,A high schooler seeking guidance on how to improve their research skills for academic success,18,control,2
6,16,A high schooler seeking guidance on how to improve their research skills for academic success,18,predictive,3
6,16,A high schooler seeking guidance on how to improve their research skills for academic success,18,explicit,3
6,16,A high schooler seeking guidance on how to improve their research skills for academic success,27,control,3
6,16,A high schooler seeking guidance on how to improve their research skills for academic success,27,predictive,3
6,16,A high schooler seeking guidance on how to improve their research skills for academic success,27,explicit,3
6,16,A high schooler seeking guidance on how to improve their research skills for academic success,9,control,2
6,16,A high schooler seeking guidance on how to improve their research skills for academic success,9,predictive,3
6,16,A high schooler seeking guidance on how to improve their research skills for academic success,9,explicit,3
6,16,A high schooler seeking guidance on how to improve their research skills for academic success,11,control,4
6,16,A high schooler seeking guidance on how to improve their research skills for academic success,11,predictive,4
6,16,A high schooler seeking guidance on how to improve their research skills for academic success,11,explicit,4
6,16,A high schooler seeking guidance on how to improve their research skills for academic success,7,control,3
6,16,A high schooler seeking guidance on how to improve their research skills for academic success,7,predictive,4
6,16,A high schooler seeking guidance on how to improve their research skills for academic success,7,explicit,2
6,16,A high schooler seeking guidance on how to improve their research skills for academic success,29,control,3
6,16,A high schooler seeking guidance on how to improve their research skills for academic success,29,predictive,3
6,16,A high schooler seeking guidance on how to improve their research skills for academic success,29,explicit,4
6,16,A high schooler seeking guidance on how to improve their research skills for academic success,16,control,2
6,16,A high schooler seeking guidance on how to improve their research skills for academic success,16,predictive,2
6,16,A high schooler seeking guidance on how to improve their research skills for academic success,16,explicit,3
6,16,A high schooler seeking guidance on how to improve their research skills for academic success,6,control,2
6,16,A high schooler seeking guidance on how to improve their research skills for academic success,6,predictive,2
6,16,A high schooler seeking guidance on how to improve their research skills for academic success,6,explicit,3
6,16,A high schooler seeking guidance on how to improve their research skills for academic success,28,control,3
6,16,A high schooler seeking guidance on how to improve their research skills for academic success,28,predictive,4
6,16,A high schooler seeking guidance on how to improve their research skills for academic success,28,explicit,4
6,16,A high schooler seeking guidance on how to improve their research skills for academic success,17,control,2
6,16,A high schooler seeking guidance on how to improve their research skills for academic success,17,predictive,2
6,16,A high schooler seeking guidance on how to improve their research skills for academic success,17,explicit,3
6,16,A high schooler seeking guidance on how to improve their research skills for academic success,1,control,1
6,16,A high schooler seeking guidance on how to improve their research skills for academic success,1,predictive,3
6,16,A high schooler seeking guidance on how to improve their research skills for academic success,1,explicit,4
6,16,A high schooler seeking guidance on how to improve their research skills for academic success,10,control,2
6,16,A high schooler seeking guidance on how to improve their research skills for academic success,10,predictive,3
6,16,A high schooler seeking guidance on how to improve their research skills for academic success,10,explicit,3
6,16,A high schooler seeking guidance on how to improve their research skills for academic success,19,control,3
6,16,A high schooler seeking guidance on how to improve their research skills for academic success,19,predictive,3
6,16,A high schooler seeking guidance on how to improve their research skills for academic success,19,explicit,3
6,16,A high schooler seeking guidance on how to improve their research skills for academic success,26,control,2
6,16,A high schooler seeking guidance on how to improve their research skills for academic success,26,predictive,1
6,16,A high schooler seeking guidance on how to improve their research skills for academic success,26,explicit,3
6,16,A high schooler seeking guidance on how to improve their research skills for academic success,8,control,3
6,16,A high schooler seeking guidance on how to improve their research skills for academic success,8,predictive,3
6,16,A high schooler seeking guidance on how to improve their research skills for academic success,8,explicit,4
6,16,A high schooler seeking guidance on how to improve their research skills for academic success,21,control,3
6,16,A high schooler seeking guidance on how to improve their research skills for academic success,21,predictive,2
6,16,A high schooler seeking guidance on how to improve their research skills for academic success,21,explicit,3
6,16,A high schooler seeking guidance on how to improve their research skills for academic success,38,control,3
6,16,A high schooler seeking guidance on how to improve their research skills for academic success,38,predictive,4
6,16,A high schooler seeking guidance on how to improve their research skills for academic success,38,explicit,4
6,16,A high schooler seeking guidance on how to improve their research skills for academic success,36,control,3
6,16,A high schooler seeking guidance on how to improve their research skills for academic success,36,predictive,3
6,16,A high schooler seeking guidance on how to improve their research skills for academic success,36,explicit,3
6,16,A high schooler seeking guidance on how to improve their research skills for academic success,31,control,2
6,16,A high schooler seeking guidance on how to improve their research skills for academic success,31,predictive,4
6,16,A high schooler seeking guidance on how to improve their research skills for academic success,31,explicit,3
6,16,A high schooler seeking guidance on how to improve their research skills for academic success,30,control,3
6,16,A high schooler seeking guidance on how to improve their research skills for academic success,30,predictive,3
6,16,A high schooler seeking guidance on how to improve their research skills for academic success,30,explicit,3
6,16,A high schooler seeking guidance on how to improve their research skills for academic success,37,control,3
6,16,A high schooler seeking guidance on how to improve their research skills for academic success,37,predictive,3
6,16,A high schooler seeking guidance on how to improve their research skills for academic success,37,explicit,3
6,16,A high schooler seeking guidance on how to improve their research skills for academic success,39,control,1
6,16,A high schooler seeking guidance on how to improve their research skills for academic success,39,predictive,1
6,16,A high schooler seeking guidance on how to improve their research skills for academic success,39,explicit,2
6,16,A high schooler seeking guidance on how to improve their research skills for academic success,24,control,1
6,16,A high schooler seeking guidance on how to improve their research skills for academic success,24,predictive,2
6,16,A high schooler seeking guidance on how to improve their research skills for academic success,24,explicit,2
6,16,A high schooler seeking guidance on how to improve their research skills for academic success,23,control,2
6,16,A high schooler seeking guidance on how to improve their research skills for academic success,23,predictive,3
6,16,A high schooler seeking guidance on how to improve their research skills for academic success,23,explicit,3
6,16,A high schooler seeking guidance on how to improve their research skills for academic success,4,control,3
6,16,A high schooler seeking guidance on how to improve their research skills for academic success,4,predictive,3
6,16,A high schooler seeking guidance on how to improve their research skills for academic success,4,explicit,3
6,16,A high schooler seeking guidance on how to improve their research skills for academic success,15,control,1
6,16,A high schooler seeking guidance on how to improve their research skills for academic success,15,predictive,4
6,16,A high schooler seeking guidance on how to improve their research skills for academic success,15,explicit,4
6,16,A high schooler seeking guidance on how to improve their research skills for academic success,3,control,2
6,16,A high schooler seeking guidance on how to improve their research skills for academic success,3,predictive,4
6,16,A high schooler seeking guidance on how to improve their research skills for academic success,3,explicit,4
6,16,A high schooler seeking guidance on how to improve their research skills for academic success,12,control,4
6,16,A high schooler seeking guidance on how to improve their research skills for academic success,12,predictive,3
6,16,A high schooler seeking guidance on how to improve their research skills for academic success,12,explicit,3
6,16,A high schooler seeking guidance on how to improve their research skills for academic success,40,control,3
6,16,A high schooler seeking guidance on how to improve their research skills for academic success,40,predictive,3
6,16,A high schooler seeking guidance on how to improve their research skills for academic success,40,explicit,3
6,16,A high schooler seeking guidance on how to improve their research skills for academic success,2,control,3
6,16,A high schooler seeking guidance on how to improve their research skills for academic success,2,predictive,4
6,16,A high schooler seeking guidance on how to improve their research skills for academic success,2,explicit,4
6,16,A high schooler seeking guidance on how to improve their research skills for academic success,13,control,3
6,16,A high schooler seeking guidance on how to improve their research skills for academic success,13,predictive,3
6,16,A high schooler seeking guidance on how to improve their research skills for academic success,13,explicit,3
6,16,A high schooler seeking guidance on how to improve their research skills for academic success,5,control,2
6,16,A high schooler seeking guidance on how to improve their research skills for academic success,5,predictive,3
6,16,A high schooler seeking guidance on how to improve their research skills for academic success,5,explicit,3
6,16,A high schooler seeking guidance on how to improve their research skills for academic success,14,control,3
6,16,A high schooler seeking guidance on how to improve their research skills for academic success,14,predictive,3
6,16,A high schooler seeking guidance on how to improve their research skills for academic success,14,explicit,3
6,16,A high schooler seeking guidance on how to improve their research skills for academic success,22,control,3
6,16,A high schooler seeking guidance on how to improve their research skills for academic success,22,predictive,3
6,16,A high schooler seeking guidance on how to improve their research skills for academic success,22,explicit,3
6,16,A high schooler seeking guidance on how to improve their research skills for academic success,25,control,2
6,16,A high schooler seeking guidance on how to improve their research skills for academic success,25,predictive,4
6,16,A high schooler seeking guidance on how to improve their research skills for academic success,25,explicit,4
7,16,A high school student with a keen interest in community service looking to learn from the teacher's experiences,32,control,2
7,16,A high school student with a keen interest in community service looking to learn from the teacher's experiences,32,predictive,4
7,16,A high school student with a keen interest in community service looking to learn from the teacher's experiences,32,explicit,4
7,16,A high school student with a keen interest in community service looking to learn from the teacher's experiences,35,control,4
7,16,A high school student with a keen interest in community service looking to learn from the teacher's experiences,35,predictive,3
7,16,A high school student with a keen interest in community service looking to learn from the teacher's experiences,35,explicit,3
7,16,A high school student with a keen interest in community service looking to learn from the teacher's experiences,34,control,3
7,16,A high school student with a keen interest in community service looking to learn from the teacher's experiences,34,predictive,3
7,16,A high school student with a keen interest in community service looking to learn from the teacher's experiences,34,explicit,3
7,16,A high school student with a keen interest in community service looking to learn from the teacher's experiences,33,control,3
7,16,A high school student with a keen interest in community service looking to learn from the teacher's experiences,33,predictive,4
7,16,A high school student with a keen interest in community service looking to learn from the teacher's experiences,33,explicit,4
7,16,A high school student with a keen interest in community service looking to learn from the teacher's experiences,20,control,3
7,16,A high school student with a keen interest in community service looking to learn from the teacher's experiences,20,predictive,3
7,16,A high school student with a keen interest in community service looking to learn from the teacher's experiences,20,explicit,3
7,16,A high school student with a keen interest in community service looking to learn from the teacher's experiences,18,control,2
7,16,A high school student with a keen interest in community service looking to learn from the teacher's experiences,18,predictive,3
7,16,A high school student with a keen interest in community service looking to learn from the teacher's experiences,18,explicit,3
7,16,A high school student with a keen interest in community service looking to learn from the teacher's experiences,27,control,3
7,16,A high school student with a keen interest in community service looking to learn from the teacher's experiences,27,predictive,3
7,16,A high school student with a keen interest in community service looking to learn from the teacher's experiences,27,explicit,3
7,16,A high school student with a keen interest in community service looking to learn from the teacher's experiences,9,control,2
7,16,A high school student with a keen interest in community service looking to learn from the teacher's experiences,9,predictive,3
7,16,A high school student with a keen interest in community service looking to learn from the teacher's experiences,9,explicit,3
7,16,A high school student with a keen interest in community service looking to learn from the teacher's experiences,11,control,4
7,16,A high school student with a keen interest in community service looking to learn from the teacher's experiences,11,predictive,4
7,16,A high school student with a keen interest in community service looking to learn from the teacher's experiences,11,explicit,4
7,16,A high school student with a keen interest in community service looking to learn from the teacher's experiences,7,control,3
7,16,A high school student with a keen interest in community service looking to learn from the teacher's experiences,7,predictive,4
7,16,A high school student with a keen interest in community service looking to learn from the teacher's experiences,7,explicit,2
7,16,A high school student with a keen interest in community service looking to learn from the teacher's experiences,29,control,4
7,16,A high school student with a keen interest in community service looking to learn from the teacher's experiences,29,predictive,4
7,16,A high school student with a keen interest in community service looking to learn from the teacher's experiences,29,explicit,3
7,16,A high school student with a keen interest in community service looking to learn from the teacher's experiences,16,control,2
7,16,A high school student with a keen interest in community service looking to learn from the teacher's experiences,16,predictive,2
7,16,A high school student with a keen interest in community service looking to learn from the teacher's experiences,16,explicit,3
7,16,A high school student with a keen interest in community service looking to learn from the teacher's experiences,6,control,2
7,16,A high school student with a keen interest in community service looking to learn from the teacher's experiences,6,predictive,3
7,16,A high school student with a keen interest in community service looking to learn from the teacher's experiences,6,explicit,3
7,16,A high school student with a keen interest in community service looking to learn from the teacher's experiences,28,control,3
7,16,A high school student with a keen interest in community service looking to learn from the teacher's experiences,28,predictive,4
7,16,A high school student with a keen interest in community service looking to learn from the teacher's experiences,28,explicit,4
7,16,A high school student with a keen interest in community service looking to learn from the teacher's experiences,17,control,2
7,16,A high school student with a keen interest in community service looking to learn from the teacher's experiences,17,predictive,2
7,16,A high school student with a keen interest in community service looking to learn from the teacher's experiences,17,explicit,3
7,16,A high school student with a keen interest in community service looking to learn from the teacher's experiences,1,control,1
7,16,A high school student with a keen interest in community service looking to learn from the teacher's experiences,1,predictive,3
7,16,A high school student with a keen interest in community service looking to learn from the teacher's experiences,1,explicit,3
7,16,A high school student with a keen interest in community service looking to learn from the teacher's experiences,10,control,2
7,16,A high school student with a keen interest in community service looking to learn from the teacher's experiences,10,predictive,3
7,16,A high school student with a keen interest in community service looking to learn from the teacher's experiences,10,explicit,3
7,16,A high school student with a keen interest in community service looking to learn from the teacher's experiences,19,control,3
7,16,A high school student with a keen interest in community service looking to learn from the teacher's experiences,19,predictive,3
7,16,A high school student with a keen interest in community service looking to learn from the teacher's experiences,19,explicit,3
7,16,A high school student with a keen interest in community service looking to learn from the teacher's experiences,26,control,2
7,16,A high school student with a keen interest in community service looking to learn from the teacher's experiences,26,predictive,3
7,16,A high school student with a keen interest in community service looking to learn from the teacher's experiences,26,explicit,3
7,16,A high school student with a keen interest in community service looking to learn from the teacher's experiences,8,control,3
7,16,A high school student with a keen interest in community service looking to learn from the teacher's experiences,8,predictive,4
7,16,A high school student with a keen interest in community service looking to learn from the teacher's experiences,8,explicit,4
7,16,A high school student with a keen interest in community service looking to learn from the teacher's experiences,21,control,3
7,16,A high school student with a keen interest in community service looking to learn from the teacher's experiences,21,predictive,2
7,16,A high school student with a keen interest in community service looking to learn from the teacher's experiences,21,explicit,3
7,16,A high school student with a keen interest in community service looking to learn from the teacher's experiences,38,control,3
7,16,A high school student with a keen interest in community service looking to learn from the teacher's experiences,38,predictive,3
7,16,A high school student with a keen interest in community service looking to learn from the teacher's experiences,38,explicit,3
7,16,A high school student with a keen interest in community service looking to learn from the teacher's experiences,36,control,2
7,16,A high school student with a keen interest in community service looking to learn from the teacher's experiences,36,predictive,3
7,16,A high school student with a keen interest in community service looking to learn from the teacher's experiences,36,explicit,4
7,16,A high school student with a keen interest in community service looking to learn from the teacher's experiences,31,control,2
7,16,A high school student with a keen interest in community service looking to learn from the teacher's experiences,31,predictive,4
7,16,A high school student with a keen interest in community service looking to learn from the teacher's experiences,31,explicit,3
7,16,A high school student with a keen interest in community service looking to learn from the teacher's experiences,30,control,3
7,16,A high school student with a keen interest in community service looking to learn from the teacher's experiences,30,predictive,3
7,16,A high school student with a keen interest in community service looking to learn from the teacher's experiences,30,explicit,3
7,16,A high school student with a keen interest in community service looking to learn from the teacher's experiences,37,control,3
7,16,A high school student with a keen interest in community service looking to learn from the teacher's experiences,37,predictive,3
7,16,A high school student with a keen interest in community service looking to learn from the teacher's experiences,37,explicit,3
7,16,A high school student with a keen interest in community service looking to learn from the teacher's experiences,39,control,1
7,16,A high school student with a keen interest in community service looking to learn from the teacher's experiences,39,predictive,3
7,16,A high school student with a keen interest in community service looking to learn from the teacher's experiences,39,explicit,3
7,16,A high school student with a keen interest in community service looking to learn from the teacher's experiences,24,control,1
7,16,A high school student with a keen interest in community service looking to learn from the teacher's experiences,24,predictive,2
7,16,A high school student with a keen interest in community service looking to learn from the teacher's experiences,24,explicit,2
7,16,A high school student with a keen interest in community service looking to learn from the teacher's experiences,23,control,1
7,16,A high school student with a keen interest in community service looking to learn from the teacher's experiences,23,predictive,4
7,16,A high school student with a keen interest in community service looking to learn from the teacher's experiences,23,explicit,4
7,16,A high school student with a keen interest in community service looking to learn from the teacher's experiences,4,control,3
7,16,A high school student with a keen interest in community service looking to learn from the teacher's experiences,4,predictive,3
7,16,A high school student with a keen interest in community service looking to learn from the teacher's experiences,4,explicit,3
7,16,A high school student with a keen interest in community service looking to learn from the teacher's experiences,15,control,1
7,16,A high school student with a keen interest in community service looking to learn from the teacher's experiences,15,predictive,4
7,16,A high school student with a keen interest in community service looking to learn from the teacher's experiences,15,explicit,4
7,16,A high school student with a keen interest in community service looking to learn from the teacher's experiences,3,control,3
7,16,A high school student with a keen interest in community service looking to learn from the teacher's experiences,3,predictive,4
7,16,A high school student with a keen interest in community service looking to learn from the teacher's experiences,3,explicit,4
7,16,A high school student with a keen interest in community service looking to learn from the teacher's experiences,12,control,3
7,16,A high school student with a keen interest in community service looking to learn from the teacher's experiences,12,predictive,4
7,16,A high school student with a keen interest in community service looking to learn from the teacher's experiences,12,explicit,3
7,16,A high school student with a keen interest in community service looking to learn from the teacher's experiences,40,control,2
7,16,A high school student with a keen interest in community service looking to learn from the teacher's experiences,40,predictive,3
7,16,A high school student with a keen interest in community service looking to learn from the teacher's experiences,40,explicit,3
7,16,A high school student with a keen interest in community service looking to learn from the teacher's experiences,2,control,3
7,16,A high school student with a keen interest in community service looking to learn from the teacher's experiences,2,predictive,4
7,16,A high school student with a keen interest in community service looking to learn from the teacher's experiences,2,explicit,4
7,16,A high school student with a keen interest in community service looking to learn from the teacher's experiences,13,control,3
7,16,A high school student with a keen interest in community service looking to learn from the teacher's experiences,13,predictive,3
7,16,A high school student with a keen interest in community service looking to learn from the teacher's experiences,13,explicit,3
7,16,A high school student with a keen interest in community service looking to learn from the teacher's experiences,5,control,3
7,16,A high school student with a keen interest in community service looking to learn from the teacher's experiences,5,predictive,3
7,16,A high school student with a keen interest in community service looking to learn from the teacher's experiences,5,explicit,4
7,16,A high school student with a keen interest in community service looking to learn from the teacher's experiences,14,control,3
7,16,A high school student with a keen interest in community service looking to learn from the teacher's experiences,14,predictive,3
7,16,A high school student with a keen interest in community service looking to learn from the teacher's experiences,14,explicit,3
7,16,A high school student with a keen interest in community service looking to learn from the teacher's experiences,22,control,3
7,16,A high school student with a keen interest in community service looking to learn from the teacher's experiences,22,predictive,4
7,16,A high school student with a keen interest in community service looking to learn from the teacher's experiences,22,explicit,4
7,16,A high school student with a keen interest in community service looking to learn from the teacher's experiences,25,control,2
7,16,A high school student with a keen interest in community service looking to learn from the teacher's experiences,25,predictive,4
7,16,A high school student with a keen interest in community service looking to learn from the teacher's experiences,25,explicit,4
8,16,A high school student learning Python for their science fair project on artificial intelligence,32,control,2
8,16,A high school student learning Python for their science fair project on artificial intelligence,32,predictive,4
8,16,A high school student learning Python for their science fair project on artificial intelligence,32,explicit,4
8,16,A high school student learning Python for their science fair project on artificial intelligence,35,control,4
8,16,A high school student learning Python for their science fair project on artificial intelligence,35,predictive,3
8,16,A high school student learning Python for their science fair project on artificial intelligence,35,explicit,4
8,16,A high school student learning Python for their science fair project on artificial intelligence,34,control,3
8,16,A high school student learning Python for their science fair project on artificial intelligence,34,predictive,3
8,16,A high school student learning Python for their science fair project on artificial intelligence,34,explicit,3
8,16,A high school student learning Python for their science fair project on artificial intelligence,33,control,3
8,16,A high school student learning Python for their science fair project on artificial intelligence,33,predictive,4
8,16,A high school student learning Python for their science fair project on artificial intelligence,33,explicit,4
8,16,A high school student learning Python for their science fair project on artificial intelligence,20,control,2
8,16,A high school student learning Python for their science fair project on artificial intelligence,20,predictive,3
8,16,A high school student learning Python for their science fair project on artificial intelligence,20,explicit,4
8,16,A high school student learning Python for their science fair project on artificial intelligence,18,control,2
8,16,A high school student learning Python for their science fair project on artificial intelligence,18,predictive,3
8,16,A high school student learning Python for their science fair project on artificial intelligence,18,explicit,3
8,16,A high school student learning Python for their science fair project on artificial intelligence,27,control,3
8,16,A high school student learning Python for their science fair project on artificial intelligence,27,predictive,3
8,16,A high school student learning Python for their science fair project on artificial intelligence,27,explicit,3
8,16,A high school student learning Python for their science fair project on artificial intelligence,9,control,2
8,16,A high school student learning Python for their science fair project on artificial intelligence,9,predictive,2
8,16,A high school student learning Python for their science fair project on artificial intelligence,9,explicit,3
8,16,A high school student learning Python for their science fair project on artificial intelligence,11,control,3
8,16,A high school student learning Python for their science fair project on artificial intelligence,11,predictive,4
8,16,A high school student learning Python for their science fair project on artificial intelligence,11,explicit,4
8,16,A high school student learning Python for their science fair project on artificial intelligence,7,control,3
8,16,A high school student learning Python for their science fair project on artificial intelligence,7,predictive,4
8,16,A high school student learning Python for their science fair project on artificial intelligence,7,explicit,3
8,16,A high school student learning Python for their science fair project on artificial intelligence,29,control,3
8,16,A high school student learning Python for their science fair project on artificial intelligence,29,predictive,3
8,16,A high school student learning Python for their science fair project on artificial intelligence,29,explicit,3
8,16,A high school student learning Python for their science fair project on artificial intelligence,16,control,2
8,16,A high school student learning Python for their science fair project on artificial intelligence,16,predictive,3
8,16,A high school student learning Python for their science fair project on artificial intelligence,16,explicit,3
8,16,A high school student learning Python for their science fair project on artificial intelligence,6,control,2
8,16,A high school student learning Python for their science fair project on artificial intelligence,6,predictive,2
8,16,A high school student learning Python for their science fair project on artificial intelligence,6,explicit,3
8,16,A high school student learning Python for their science fair project on artificial intelligence,28,control,3
8,16,A high school student learning Python for their science fair project on artificial intelligence,28,predictive,4
8,16,A high school student learning Python for their science fair project on artificial intelligence,28,explicit,4
8,16,A high school student learning Python for their science fair project on artificial intelligence,17,control,2
8,16,A high school student learning Python for their science fair project on artificial intelligence,17,predictive,2
8,16,A high school student learning Python for their science fair project on artificial intelligence,17,explicit,3
8,16,A high school student learning Python for their science fair project on artificial intelligence,1,control,1
8,16,A high school student learning Python for their science fair project on artificial intelligence,1,predictive,3
8,16,A high school student learning Python for their science fair project on artificial intelligence,1,explicit,3
8,16,A high school student learning Python for their science fair project on artificial intelligence,10,control,2
8,16,A high school student learning Python for their science fair project on artificial intelligence,10,predictive,3
8,16,A high school student learning Python for their science fair project on artificial intelligence,10,explicit,3
8,16,A high school student learning Python for their science fair project on artificial intelligence,19,control,3
8,16,A high school student learning Python for their science fair project on artificial intelligence,19,predictive,3
8,16,A high school student learning Python for their science fair project on artificial intelligence,19,explicit,3
8,16,A high school student learning Python for their science fair project on artificial intelligence,26,control,3
8,16,A high school student learning Python for their science fair project on artificial intelligence,26,predictive,3
8,16,A high school student learning Python for their science fair project on artificial intelligence,26,explicit,3
8,16,A high school student learning Python for their science fair project on artificial intelligence,8,control,3
8,16,A high school student learning Python for their science fair project on artificial intelligence,8,predictive,3
8,16,A high school student learning Python for their science fair project on artificial intelligence,8,explicit,4
8,16,A high school student learning Python for their science fair project on artificial intelligence,21,control,3
8,16,A high school student learning Python for their science fair project on artificial intelligence,21,predictive,3
8,16,A high school student learning Python for their science fair project on artificial intelligence,21,explicit,3
8,16,A high school student learning Python for their science fair project on artificial intelligence,38,control,3
8,16,A high school student learning Python for their science fair project on artificial intelligence,38,predictive,3
8,16,A high school student learning Python for their science fair project on artificial intelligence,38,explicit,3
8,16,A high school student learning Python for their science fair project on artificial intelligence,36,control,2
8,16,A high school student learning Python for their science fair project on artificial intelligence,36,predictive,3
8,16,A high school student learning Python for their science fair project on artificial intelligence,36,explicit,4
8,16,A high school student learning Python for their science fair project on artificial intelligence,31,control,2
8,16,A high school student learning Python for their science fair project on artificial intelligence,31,predictive,4
8,16,A high school student learning Python for their science fair project on artificial intelligence,31,explicit,3
8,16,A high school student learning Python for their science fair project on artificial intelligence,30,control,2
8,16,A high school student learning Python for their science fair project on artificial intelligence,30,predictive,3
8,16,A high school student learning Python for their science fair project on artificial intelligence,30,explicit,3
8,16,A high school student learning Python for their science fair project on artificial intelligence,37,control,3
8,16,A high school student learning Python for their science fair project on artificial intelligence,37,predictive,3
8,16,A high school student learning Python for their science fair project on artificial intelligence,37,explicit,3
8,16,A high school student learning Python for their science fair project on artificial intelligence,39,control,1
8,16,A high school student learning Python for their science fair project on artificial intelligence,39,predictive,3
8,16,A high school student learning Python for their science fair project on artificial intelligence,39,explicit,2
8,16,A high school student learning Python for their science fair project on artificial intelligence,24,control,1
8,16,A high school student learning Python for their science fair project on artificial intelligence,24,predictive,3
8,16,A high school student learning Python for their science fair project on artificial intelligence,24,explicit,3
8,16,A high school student learning Python for their science fair project on artificial intelligence,23,control,2
8,16,A high school student learning Python for their science fair project on artificial intelligence,23,predictive,3
8,16,A high school student learning Python for their science fair project on artificial intelligence,23,explicit,4
8,16,A high school student learning Python for their science fair project on artificial intelligence,4,control,3
8,16,A high school student learning Python for their science fair project on artificial intelligence,4,predictive,3
8,16,A high school student learning Python for their science fair project on artificial intelligence,4,explicit,3
8,16,A high school student learning Python for their science fair project on artificial intelligence,15,control,1
8,16,A high school student learning Python for their science fair project on artificial intelligence,15,predictive,3
8,16,A high school student learning Python for their science fair project on artificial intelligence,15,explicit,4
8,16,A high school student learning Python for their science fair project on artificial intelligence,3,control,3
8,16,A high school student learning Python for their science fair project on artificial intelligence,3,predictive,3
8,16,A high school student learning Python for their science fair project on artificial intelligence,3,explicit,4
8,16,A high school student learning Python for their science fair project on artificial intelligence,12,control,3
8,16,A high school student learning Python for their science fair project on artificial intelligence,12,predictive,3
8,16,A high school student learning Python for their science fair project on artificial intelligence,12,explicit,3
8,16,A high school student learning Python for their science fair project on artificial intelligence,40,control,2
8,16,A high school student learning Python for their science fair project on artificial intelligence,40,predictive,2
8,16,A high school student learning Python for their science fair project on artificial intelligence,40,explicit,3
8,16,A high school student learning Python for their science fair project on artificial intelligence,2,control,3
8,16,A high school student learning Python for their science fair project on artificial intelligence,2,predictive,4
8,16,A high school student learning Python for their science fair project on artificial intelligence,2,explicit,4
8,16,A high school student learning Python for their science fair project on artificial intelligence,13,control,3
8,16,A high school student learning Python for their science fair project on artificial intelligence,13,predictive,4
8,16,A high school student learning Python for their science fair project on artificial intelligence,13,explicit,4
8,16,A high school student learning Python for their science fair project on artificial intelligence,5,control,2
8,16,A high school student learning Python for their science fair project on artificial intelligence,5,predictive,3
8,16,A high school student learning Python for their science fair project on artificial intelligence,5,explicit,3
8,16,A high school student learning Python for their science fair project on artificial intelligence,14,control,2
8,16,A high school student learning Python for their science fair project on artificial intelligence,14,predictive,3
8,16,A high school student learning Python for their science fair project on artificial intelligence,14,explicit,3
8,16,A high school student learning Python for their science fair project on artificial intelligence,22,control,3
8,16,A high school student learning Python for their science fair project on artificial intelligence,22,predictive,3
8,16,A high school student learning Python for their science fair project on artificial intelligence,22,explicit,4
8,16,A high school student learning Python for their science fair project on artificial intelligence,25,control,3
8,16,A high school student learning Python for their science fair project on artificial intelligence,25,predictive,4
8,16,A high school student learning Python for their science fair project on artificial intelligence,25,explicit,4
9,16,A high school student interested in computer science seeking advice on preparing for coding competitions,32,control,2
9,16,A high school student interested in computer science seeking advice on preparing for coding competitions,32,predictive,4
9,16,A high school student interested in computer science seeking advice on preparing for coding competitions,32,explicit,3
9,16,A high school student interested in computer science seeking advice on preparing for coding competitions,35,control,4
9,16,A high school student interested in computer science seeking advice on preparing for coding competitions,35,predictive,3
9,16,A high school student interested in computer science seeking advice on preparing for coding competitions,35,explicit,4
9,16,A high school student interested in computer science seeking advice on preparing for coding competitions,34,control,3
9,16,A high school student interested in computer science seeking advice on preparing for coding competitions,34,predictive,3
9,16,A high school student interested in computer science seeking advice on preparing for coding competitions,34,explicit,3
9,16,A high school student interested in computer science seeking advice on preparing for coding competitions,33,control,3
9,16,A high school student interested in computer science seeking advice on preparing for coding competitions,33,predictive,4
9,16,A high school student interested in computer science seeking advice on preparing for coding competitions,33,explicit,4
9,16,A high school student interested in computer science seeking advice on preparing for coding competitions,20,control,2
9,16,A high school student interested in computer science seeking advice on preparing for coding competitions,20,predictive,3
9,16,A high school student interested in computer science seeking advice on preparing for coding competitions,20,explicit,4
9,16,A high school student interested in computer science seeking advice on preparing for coding competitions,18,control,2
9,16,A high school student interested in computer science seeking advice on preparing for coding competitions,18,predictive,3
9,16,A high school student interested in computer science seeking advice on preparing for coding competitions,18,explicit,3
9,16,A high school student interested in computer science seeking advice on preparing for coding competitions,27,control,3
9,16,A high school student interested in computer science seeking advice on preparing for coding competitions,27,predictive,3
9,16,A high school student interested in computer science seeking advice on preparing for coding competitions,27,explicit,3
9,16,A high school student interested in computer science seeking advice on preparing for coding competitions,9,control,2
9,16,A high school student interested in computer science seeking advice on preparing for coding competitions,9,predictive,2
9,16,A high school student interested in computer science seeking advice on preparing for coding competitions,9,explicit,3
9,16,A high school student interested in computer science seeking advice on preparing for coding competitions,11,control,4
9,16,A high school student interested in computer science seeking advice on preparing for coding competitions,11,predictive,4
9,16,A high school student interested in computer science seeking advice on preparing for coding competitions,11,explicit,4
9,16,A high school student interested in computer science seeking advice on preparing for coding competitions,7,control,3
9,16,A high school student interested in computer science seeking advice on preparing for coding competitions,7,predictive,3
9,16,A high school student interested in computer science seeking advice on preparing for coding competitions,7,explicit,3
9,16,A high school student interested in computer science seeking advice on preparing for coding competitions,29,control,3
9,16,A high school student interested in computer science seeking advice on preparing for coding competitions,29,predictive,3
9,16,A high school student interested in computer science seeking advice on preparing for coding competitions,29,explicit,3
9,16,A high school student interested in computer science seeking advice on preparing for coding competitions,16,control,2
9,16,A high school student interested in computer science seeking advice on preparing for coding competitions,16,predictive,3
9,16,A high school student interested in computer science seeking advice on preparing for coding competitions,16,explicit,3
9,16,A high school student interested in computer science seeking advice on preparing for coding competitions,6,control,2
9,16,A high school student interested in computer science seeking advice on preparing for coding competitions,6,predictive,2
9,16,A high school student interested in computer science seeking advice on preparing for coding competitions,6,explicit,3
9,16,A high school student interested in computer science seeking advice on preparing for coding competitions,28,control,3
9,16,A high school student interested in computer science seeking advice on preparing for coding competitions,28,predictive,3
9,16,A high school student interested in computer science seeking advice on preparing for coding competitions,28,explicit,4
9,16,A high school student interested in computer science seeking advice on preparing for coding competitions,17,control,2
9,16,A high school student interested in computer science seeking advice on preparing for coding competitions,17,predictive,2
9,16,A high school student interested in computer science seeking advice on preparing for coding competitions,17,explicit,3
9,16,A high school student interested in computer science seeking advice on preparing for coding competitions,1,control,1
9,16,A high school student interested in computer science seeking advice on preparing for coding competitions,1,predictive,3
9,16,A high school student interested in computer science seeking advice on preparing for coding competitions,1,explicit,3
9,16,A high school student interested in computer science seeking advice on preparing for coding competitions,10,control,2
9,16,A high school student interested in computer science seeking advice on preparing for coding competitions,10,predictive,3
9,16,A high school student interested in computer science seeking advice on preparing for coding competitions,10,explicit,3
9,16,A high school student interested in computer science seeking advice on preparing for coding competitions,19,control,3
9,16,A high school student interested in computer science seeking advice on preparing for coding competitions,19,predictive,3
9,16,A high school student interested in computer science seeking advice on preparing for coding competitions,19,explicit,3
9,16,A high school student interested in computer science seeking advice on preparing for coding competitions,26,control,2
9,16,A high school student interested in computer science seeking advice on preparing for coding competitions,26,predictive,3
9,16,A high school student interested in computer science seeking advice on preparing for coding competitions,26,explicit,3
9,16,A high school student interested in computer science seeking advice on preparing for coding competitions,8,control,3
9,16,A high school student interested in computer science seeking advice on preparing for coding competitions,8,predictive,4
9,16,A high school student interested in computer science seeking advice on preparing for coding competitions,8,explicit,3
9,16,A high school student interested in computer science seeking advice on preparing for coding competitions,21,control,2
9,16,A high school student interested in computer science seeking advice on preparing for coding competitions,21,predictive,2
9,16,A high school student interested in computer science seeking advice on preparing for coding competitions,21,explicit,3
9,16,A high school student interested in computer science seeking advice on preparing for coding competitions,38,control,3
9,16,A high school student interested in computer science seeking advice on preparing for coding competitions,38,predictive,4
9,16,A high school student interested in computer science seeking advice on preparing for coding competitions,38,explicit,3
9,16,A high school student interested in computer science seeking advice on preparing for coding competitions,36,control,2
9,16,A high school student interested in computer science seeking advice on preparing for coding competitions,36,predictive,3
9,16,A high school student interested in computer science seeking advice on preparing for coding competitions,36,explicit,3
9,16,A high school student interested in computer science seeking advice on preparing for coding competitions,31,control,2
9,16,A high school student interested in computer science seeking advice on preparing for coding competitions,31,predictive,4
9,16,A high school student interested in computer science seeking advice on preparing for coding competitions,31,explicit,3
9,16,A high school student interested in computer science seeking advice on preparing for coding competitions,30,control,3
9,16,A high school student interested in computer science seeking advice on preparing for coding competitions,30,predictive,3
9,16,A high school student interested in computer science seeking advice on preparing for coding competitions,30,explicit,3
9,16,A high school student interested in computer science seeking advice on preparing for coding competitions,37,control,3
9,16,A high school student interested in computer science seeking advice on preparing for coding competitions,37,predictive,3
9,16,A high school student interested in computer science seeking advice on preparing for coding competitions,37,explicit,3
9,16,A high school student interested in computer science seeking advice on preparing for coding competitions,39,control,1
9,16,A high school student interested in computer science seeking advice on preparing for coding competitions,39,predictive,1
9,16,A high school student interested in computer science seeking advice on preparing for coding competitions,39,explicit,2
9,16,A high school student interested in computer science seeking advice on preparing for coding competitions,24,control,1
9,16,A high school student interested in computer science seeking advice on preparing for coding competitions,24,predictive,2
9,16,A high school student interested in computer science seeking advice on preparing for coding competitions,24,explicit,3
9,16,A high school student interested in computer science seeking advice on preparing for coding competitions,23,control,1
9,16,A high school student interested in computer science seeking advice on preparing for coding competitions,23,predictive,2
9,16,A high school student interested in computer science seeking advice on preparing for coding competitions,23,explicit,3
9,16,A high school student interested in computer science seeking advice on preparing for coding competitions,4,control,3
9,16,A high school student interested in computer science seeking advice on preparing for coding competitions,4,predictive,3
9,16,A high school student interested in computer science seeking advice on preparing for coding competitions,4,explicit,3
9,16,A high school student interested in computer science seeking advice on preparing for coding competitions,15,control,1
9,16,A high school student interested in computer science seeking advice on preparing for coding competitions,15,predictive,4
9,16,A high school student interested in computer science seeking advice on preparing for coding competitions,15,explicit,4
9,16,A high school student interested in computer science seeking advice on preparing for coding competitions,3,control,3
9,16,A high school student interested in computer science seeking advice on preparing for coding competitions,3,predictive,4
9,16,A high school student interested in computer science seeking advice on preparing for coding competitions,3,explicit,3
9,16,A high school student interested in computer science seeking advice on preparing for coding competitions,12,control,3
9,16,A high school student interested in computer science seeking advice on preparing for coding competitions,12,predictive,3
9,16,A high school student interested in computer science seeking advice on preparing for coding competitions,12,explicit,4
9,16,A high school student interested in computer science seeking advice on preparing for coding competitions,40,control,3
9,16,A high school student interested in computer science seeking advice on preparing for coding competitions,40,predictive,3
9,16,A high school student interested in computer science seeking advice on preparing for coding competitions,40,explicit,3
9,16,A high school student interested in computer science seeking advice on preparing for coding competitions,2,control,2
9,16,A high school student interested in computer science seeking advice on preparing for coding competitions,2,predictive,4
9,16,A high school student interested in computer science seeking advice on preparing for coding competitions,2,explicit,4
9,16,A high school student interested in computer science seeking advice on preparing for coding competitions,13,control,3
9,16,A high school student interested in computer science seeking advice on preparing for coding competitions,13,predictive,4
9,16,A high school student interested in computer science seeking advice on preparing for coding competitions,13,explicit,3
9,16,A high school student interested in computer science seeking advice on preparing for coding competitions,5,control,2
9,16,A high school student interested in computer science seeking advice on preparing for coding competitions,5,predictive,3
9,16,A high school student interested in computer science seeking advice on preparing for coding competitions,5,explicit,4
9,16,A high school student interested in computer science seeking advice on preparing for coding competitions,14,control,3
9,16,A high school student interested in computer science seeking advice on preparing for coding competitions,14,predictive,3
9,16,A high school student interested in computer science seeking advice on preparing for coding competitions,14,explicit,3
9,16,A high school student interested in computer science seeking advice on preparing for coding competitions,22,control,3
9,16,A high school student interested in computer science seeking advice on preparing for coding competitions,22,predictive,4
9,16,A high school student interested in computer science seeking advice on preparing for coding competitions,22,explicit,4
9,16,A high school student interested in computer science seeking advice on preparing for coding competitions,25,control,2
9,16,A high school student interested in computer science seeking advice on preparing for coding competitions,25,predictive,4
9,16,A high school student interested in computer science seeking advice on preparing for coding competitions,25,explicit,4
