global_persona_index,age,persona_text,item_id,condition,score
0,10,A young child who develops their problem-solving abilities and vocabulary through solving crossword puzzles,32,control,2
0,10,A young child who develops their problem-solving abilities and vocabulary through solving crossword puzzles,32,predictive,4
0,10,A young child who develops their problem-solving abilities and vocabulary through solving crossword puzzles,32,explicit,4
0,10,A young child who develops their problem-solving abilities and vocabulary through solving crossword puzzles,35,control,3
0,10,A young child who develops their problem-solving abilities and vocabulary through solving crossword puzzles,35,predictive,3
0,10,A young child who develops their problem-solving abilities and vocabulary through solving crossword puzzles,35,explicit,4
0,10,A young child who develops their problem-solving abilities and vocabulary through solving crossword puzzles,34,control,3
0,10,A young child who develops their problem-solving abilities and vocabulary through solving crossword puzzles,34,predictive,3
0,10,A young child who develops their problem-solving abilities and vocabulary through solving crossword puzzles,34,explicit,4
0,10,A young child who develops their problem-solving abilities and vocabulary through solving crossword puzzles,33,control,3
0,10,A young child who develops their problem-solving abilities and vocabulary through solving crossword puzzles,33,predictive,4
0,10,A young child who develops their problem-solving abilities and vocabulary through solving crossword puzzles,33,explicit,4
0,10,A young child who develops their problem-solving abilities and vocabulary through solving crossword puzzles,20,control,3
0,10,A young child who develops their problem-solving abilities and vocabulary through solving crossword puzzles,20,predictive,3
0,10,A young child who develops their problem-solving abilities and vocabulary through solving crossword puzzles,20,explicit,4
0,10,A young child who develops their problem-solving abilities and vocabulary through solving crossword puzzles,18,control,2
0,10,A young child who develops their problem-solving abilities and vocabulary through solving crossword puzzles,18,predictive,3
0,10,A young child who develops their problem-solving abilities and vocabulary through solving crossword puzzles,18,explicit,3
0,10,A young child who develops their problem-solving abilities and vocabulary through solving crossword puzzles,27,control,4
0,10,A young child who develops their problem-solving abilities and vocabulary through solving crossword puzzles,27,predictive,4
0,10,A young child who develops their problem-solving abilities and vocabulary through solving crossword puzzles,27,explicit,3
0,10,A young child who develops their problem-solving abilities and vocabulary through solving crossword puzzles,9,control,2
0,10,A young child who develops their problem-solving abilities and vocabulary through solving crossword puzzles,9,predictive,3
0,10,A young child who develops their problem-solving abilities and vocabulary through solving crossword puzzles,9,explicit,3
0,10,A young child who develops their problem-solving abilities and vocabulary through solving crossword puzzles,11,control,4
0,10,A young child who develops their problem-solving abilities and vocabulary through solving crossword puzzles,11,predictive,4
0,10,A young child who develops their problem-solving abilities and vocabulary through solving crossword puzzles,11,explicit,4
0,10,A young child who develops their problem-solving abilities and vocabulary through solving crossword puzzles,7,control,3
0,10,A young child who develops their problem-solving abilities and vocabulary through solving crossword puzzles,7,predictive,4
0,10,A young child who develops their problem-solving abilities and vocabulary through solving crossword puzzles,7,explicit,3
0,10,A young child who develops their problem-solving abilities and vocabulary through solving crossword puzzles,29,control,3
0,10,A young child who develops their problem-solving abilities and vocabulary through solving crossword puzzles,29,predictive,3
0,10,A young child who develops their problem-solving abilities and vocabulary through solving crossword puzzles,29,explicit,3
0,10,A young child who develops their problem-solving abilities and vocabulary through solving crossword puzzles,16,control,2
0,10,A young child who develops their problem-solving abilities and vocabulary through solving crossword puzzles,16,predictive,3
0,10,A young child who develops their problem-solving abilities and vocabulary through solving crossword puzzles,16,explicit,3
0,10,A young child who develops their problem-solving abilities and vocabulary through solving crossword puzzles,6,control,2
0,10,A young child who develops their problem-solving abilities and vocabulary through solving crossword puzzles,6,predictive,3
0,10,A young child who develops their problem-solving abilities and vocabulary through solving crossword puzzles,6,explicit,3
0,10,A young child who develops their problem-solving abilities and vocabulary through solving crossword puzzles,28,control,3
0,10,A young child who develops their problem-solving abilities and vocabulary through solving crossword puzzles,28,predictive,4
0,10,A young child who develops their problem-solving abilities and vocabulary through solving crossword puzzles,28,explicit,4
0,10,A young child who develops their problem-solving abilities and vocabulary through solving crossword puzzles,17,control,2
0,10,A young child who develops their problem-solving abilities and vocabulary through solving crossword puzzles,17,predictive,2
0,10,A young child who develops their problem-solving abilities and vocabulary through solving crossword puzzles,17,explicit,3
0,10,A young child who develops their problem-solving abilities and vocabulary through solving crossword puzzles,1,control,1
0,10,A young child who develops their problem-solving abilities and vocabulary through solving crossword puzzles,1,predictive,3
0,10,A young child who develops their problem-solving abilities and vocabulary through solving crossword puzzles,1,explicit,3
0,10,A young child who develops their problem-solving abilities and vocabulary through solving crossword puzzles,10,control,3
0,10,A young child who develops their problem-solving abilities and vocabulary through solving crossword puzzles,10,predictive,3
0,10,A young child who develops their problem-solving abilities and vocabulary through solving crossword puzzles,10,explicit,3
0,10,A young child who develops their problem-solving abilities and vocabulary through solving crossword puzzles,19,control,3
0,10,A young child who develops their problem-solving abilities and vocabulary through solving crossword puzzles,19,predictive,4
0,10,A young child who develops their problem-solving abilities and vocabulary through solving crossword puzzles,19,explicit,3
0,10,A young child who develops their problem-solving abilities and vocabulary through solving crossword puzzles,26,control,3
0,10,A young child who develops their problem-solving abilities and vocabulary through solving crossword puzzles,26,predictive,4
0,10,A young child who develops their problem-solving abilities and vocabulary through solving crossword puzzles,26,explicit,3
0,10,A young child who develops their problem-solving abilities and vocabulary through solving crossword puzzles,8,control,3
0,10,A young child who develops their problem-solving abilities and vocabulary through solving crossword puzzles,8,predictive,4
0,10,A young child who develops their problem-solving abilities and vocabulary through solving crossword puzzles,8,explicit,4
0,10,A young child who develops their problem-solving abilities and vocabulary through solving crossword puzzles,21,control,2
0,10,A young child who develops their problem-solving abilities and vocabulary through solving crossword puzzles,21,predictive,3
0,10,A young child who develops their problem-solving abilities and vocabulary through solving crossword puzzles,21,explicit,3
0,10,A young child who develops their problem-solving abilities and vocabulary through solving crossword puzzles,38,control,3
0,10,A young child who develops their problem-solving abilities and vocabulary through solving crossword puzzles,38,predictive,3
0,10,A young child who develops their problem-solving abilities and vocabulary through solving crossword puzzles,38,explicit,3
0,10,A young child who develops their problem-solving abilities and vocabulary through solving crossword puzzles,36,control,3
0,10,A young child who develops their problem-solving abilities and vocabulary through solving crossword puzzles,36,predictive,3
0,10,A young child who develops their problem-solving abilities and vocabulary through solving crossword puzzles,36,explicit,3
0,10,A young child who develops their problem-solving abilities and vocabulary through solving crossword puzzles,31,control,3
0,10,A young child who develops their problem-solving abilities and vocabulary through solving crossword puzzles,31,predictive,4
0,10,A young child who develops their problem-solving abilities and vocabulary through solving crossword puzzles,31,explicit,3
0,10,A young child who develops their problem-solving abilities and vocabulary through solving crossword puzzles,30,control,2
0,10,A young child who develops their problem-solving abilities and vocabulary through solving crossword puzzles,30,predictive,3
0,10,A young child who develops their problem-solving abilities and vocabulary through solving crossword puzzles,30,explicit,3
0,10,A young child who develops their problem-solving abilities and vocabulary through solving crossword puzzles,37,control,3
0,10,A young child who develops their problem-solving abilities and vocabulary through solving crossword puzzles,37,predictive,3
0,10,A young child who develops their problem-solving abilities and vocabulary through solving crossword puzzles,37,explicit,4
0,10,A young child who develops their problem-solving abilities and vocabulary through solving crossword puzzles,39,control,1
0,10,A young child who develops their problem-solving abilities and vocabulary through solving crossword puzzles,39,predictive,1
0,10,A young child who develops their problem-solving abilities and vocabulary through solving crossword puzzles,39,explicit,3
0,10,A young child who develops their problem-solving abilities and vocabulary through solving crossword puzzles,24,control,1
0,10,A young child who develops their problem-solving abilities and vocabulary through solving crossword puzzles,24,predictive,2
0,10,A young child who develops their problem-solving abilities and vocabulary through solving crossword puzzles,24,explicit,3
0,10,A young child who develops their problem-solving abilities and vocabulary through solving crossword puzzles,23,control,2
0,10,A young child who develops their problem-solving abilities and vocabulary through solving crossword puzzles,23,predictive,4
0,10,A young child who develops their problem-solving abilities and vocabulary through solving crossword puzzles,23,explicit,3
0,10,A young child who develops their problem-solving abilities and vocabulary through solving crossword puzzles,4,control,3
0,10,A young child who develops their problem-solving abilities and vocabulary through solving crossword puzzles,4,predictive,3
0,10,A young child who develops their problem-solving abilities and vocabulary through solving crossword puzzles,4,explicit,3
0,10,A young child who develops their problem-solving abilities and vocabulary through solving crossword puzzles,15,control,2
0,10,A young child who develops their problem-solving abilities and vocabulary through solving crossword puzzles,15,predictive,4
0,10,A young child who develops their problem-solving abilities and vocabulary through solving crossword puzzles,15,explicit,4
0,10,A young child who develops their problem-solving abilities and vocabulary through solving crossword puzzles,3,control,3
0,10,A young child who develops their problem-solving abilities and vocabulary through solving crossword puzzles,3,predictive,3
0,10,A young child who develops their problem-solving abilities and vocabulary through solving crossword puzzles,3,explicit,4
0,10,A young child who develops their problem-solving abilities and vocabulary through solving crossword puzzles,12,control,4
0,10,A young child who develops their problem-solving abilities and vocabulary through solving crossword puzzles,12,predictive,4
0,10,A young child who develops their problem-solving abilities and vocabulary through solving crossword puzzles,12,explicit,4
0,10,A young child who develops their problem-solving abilities and vocabulary through solving crossword puzzles,40,control,2
0,10,A young child who develops their problem-solving abilities and vocabulary through solving crossword puzzles,40,predictive,3
0,10,A young child who develops their problem-solving abilities and vocabulary through solving crossword puzzles,40,explicit,3
0,10,A young child who develops their problem-solving abilities and vocabulary through solving crossword puzzles,2,control,3
0,10,A young child who develops their problem-solving abilities and vocabulary through solving crossword puzzles,2,predictive,4
0,10,A young child who develops their problem-solving abilities and vocabulary through solving crossword puzzles,2,explicit,4
0,10,A young child who develops their problem-solving abilities and vocabulary through solving crossword puzzles,13,control,3
0,10,A young child who develops their problem-solving abilities and vocabulary through solving crossword puzzles,13,predictive,4
0,10,A young child who develops their problem-solving abilities and vocabulary through solving crossword puzzles,13,explicit,4
0,10,A young child who develops their problem-solving abilities and vocabulary through solving crossword puzzles,5,control,3
0,10,A young child who develops their problem-solving abilities and vocabulary through solving crossword puzzles,5,predictive,3
0,10,A young child who develops their problem-solving abilities and vocabulary through solving crossword puzzles,5,explicit,4
0,10,A young child who develops their problem-solving abilities and vocabulary through solving crossword puzzles,14,control,3
0,10,A young child who develops their problem-solving abilities and vocabulary through solving crossword puzzles,14,predictive,3
0,10,A young child who develops their problem-solving abilities and vocabulary through solving crossword puzzles,14,explicit,3
0,10,A young child who develops their problem-solving abilities and vocabulary through solving crossword puzzles,22,control,3
0,10,A young child who develops their problem-solving abilities and vocabulary through solving crossword puzzles,22,predictive,3
0,10,A young child who develops their problem-solving abilities and vocabulary through solving crossword puzzles,22,explicit,3
0,10,A young child who develops their problem-solving abilities and vocabulary through solving crossword puzzles,25,control,3
0,10,A young child who develops their problem-solving abilities and vocabulary through solving crossword puzzles,25,predictive,4
0,10,A young child who develops their problem-solving abilities and vocabulary through solving crossword puzzles,25,explicit,4
1,8,A shy and introverted third-grader who discovers the joy of reading through the librarian's recommendations,32,control,3
1,8,A shy and introverted third-grader who discovers the joy of reading through the librarian's recommendations,32,predictive,3
1,8,A shy and introverted third-grader who discovers the joy of reading through the librarian's recommendations,32,explicit,3
1,8,A shy and introverted third-grader who discovers the joy of reading through the librarian's recommendations,35,control,3
1,8,A shy and introverted third-grader who discovers the joy of reading through the librarian's recommendations,35,predictive,3
1,8,A shy and introverted third-grader who discovers the joy of reading through the librarian's recommendations,35,explicit,3
1,8,A shy and introverted third-grader who discovers the joy of reading through the librarian's recommendations,34,control,3
1,8,A shy and introverted third-grader who discovers the joy of reading through the librarian's recommendations,34,predictive,3
1,8,A shy and introverted third-grader who discovers the joy of reading through the librarian's recommendations,34,explicit,3
1,8,A shy and introverted third-grader who discovers the joy of reading through the librarian's recommendations,33,control,3
1,8,A shy and introverted third-grader who discovers the joy of reading through the librarian's recommendations,33,predictive,4
1,8,A shy and introverted third-grader who discovers the joy of reading through the librarian's recommendations,33,explicit,4
1,8,A shy and introverted third-grader who discovers the joy of reading through the librarian's recommendations,20,control,3
1,8,A shy and introverted third-grader who discovers the joy of reading through the librarian's recommendations,20,predictive,2
1,8,A shy and introverted third-grader who discovers the joy of reading through the librarian's recommendations,20,explicit,4
1,8,A shy and introverted third-grader who discovers the joy of reading through the librarian's recommendations,18,control,2
1,8,A shy and introverted third-grader who discovers the joy of reading through the librarian's recommendations,18,predictive,2
1,8,A shy and introverted third-grader who discovers the joy of reading through the librarian's recommendations,18,explicit,2
1,8,A shy and introverted third-grader who discovers the joy of reading through the librarian's recommendations,27,control,3
1,8,A shy and introverted third-grader who discovers the joy of reading through the librarian's recommendations,27,predictive,3
1,8,A shy and introverted third-grader who discovers the joy of reading through the librarian's recommendations,27,explicit,3
1,8,A shy and introverted third-grader who discovers the joy of reading through the librarian's recommendations,9,control,2
1,8,A shy and introverted third-grader who discovers the joy of reading through the librarian's recommendations,9,predictive,3
1,8,A shy and introverted third-grader who discovers the joy of reading through the librarian's recommendations,9,explicit,3
1,8,A shy and introverted third-grader who discovers the joy of reading through the librarian's recommendations,11,control,3
1,8,A shy and introverted third-grader who discovers the joy of reading through the librarian's recommendations,11,predictive,3
1,8,A shy and introverted third-grader who discovers the joy of reading through the librarian's recommendations,11,explicit,3
1,8,A shy and introverted third-grader who discovers the joy of reading through the librarian's recommendations,7,control,3
1,8,A shy and introverted third-grader who discovers the joy of reading through the librarian's recommendations,7,predictive,3
1,8,A shy and introverted third-grader who discovers the joy of reading through the librarian's recommendations,7,explicit,3
1,8,A shy and introverted third-grader who discovers the joy of reading through the librarian's recommendations,29,control,3
1,8,A shy and introverted third-grader who discovers the joy of reading through the librarian's recommendations,29,predictive,3
1,8,A shy and introverted third-grader who discovers the joy of reading through the librarian's recommendations,29,explicit,3
1,8,A shy and introverted third-grader who discovers the joy of reading through the librarian's recommendations,16,control,2
1,8,A shy and introverted third-grader who discovers the joy of reading through the librarian's recommendations,16,predictive,2
1,8,A shy and introverted third-grader who discovers the joy of reading through the librarian's recommendations,16,explicit,3
1,8,A shy and introverted third-grader who discovers the joy of reading through the librarian's recommendations,6,control,2
1,8,A shy and introverted third-grader who discovers the joy of reading through the librarian's recommendations,6,predictive,2
1,8,A shy and introverted third-grader who discovers the joy of reading through the librarian's recommendations,6,explicit,3
1,8,A shy and introverted third-grader who discovers the joy of reading through the librarian's recommendations,28,control,3
1,8,A shy and introverted third-grader who discovers the joy of reading through the librarian's recommendations,28,predictive,3
1,8,A shy and introverted third-grader who discovers the joy of reading through the librarian's recommendations,28,explicit,3
1,8,A shy and introverted third-grader who discovers the joy of reading through the librarian's recommendations,17,control,2
1,8,A shy and introverted third-grader who discovers the joy of reading through the librarian's recommendations,17,predictive,2
1,8,A shy and introverted third-grader who discovers the joy of reading through the librarian's recommendations,17,explicit,3
1,8,A shy and introverted third-grader who discovers the joy of reading through the librarian's recommendations,1,control,1
1,8,A shy and introverted third-grader who discovers the joy of reading through the librarian's recommendations,1,predictive,3
1,8,A shy and introverted third-grader who discovers the joy of reading through the librarian's recommendations,1,explicit,3
1,8,A shy and introverted third-grader who discovers the joy of reading through the librarian's recommendations,10,control,2
1,8,A shy and introverted third-grader who discovers the joy of reading through the librarian's recommendations,10,predictive,3
1,8,A shy and introverted third-grader who discovers the joy of reading through the librarian's recommendations,10,explicit,3
1,8,A shy and introverted third-grader who discovers the joy of reading through the librarian's recommendations,19,control,3
1,8,A shy and introverted third-grader who discovers the joy of reading through the librarian's recommendations,19,predictive,3
1,8,A shy and introverted third-grader who discovers the joy of reading through the librarian's recommendations,19,explicit,3
1,8,A shy and introverted third-grader who discovers the joy of reading through the librarian's recommendations,26,control,3
1,8,A shy and introverted third-grader who discovers the joy of reading through the librarian's recommendations,26,predictive,3
1,8,A shy and introverted third-grader who discovers the joy of reading through the librarian's recommendations,26,explicit,3
1,8,A shy and introverted third-grader who discovers the joy of reading through the librarian's recommendations,8,control,4
1,8,A shy and introverted third-grader who discovers the joy of reading through the librarian's recommendations,8,predictive,4
1,8,A shy and introverted third-grader who discovers the joy of reading through the librarian's recommendations,8,explicit,3
1,8,A shy and introverted third-grader who discovers the joy of reading through the librarian's recommendations,21,control,2
1,8,A shy and introverted third-grader who discovers the joy of reading through the librarian's recommendations,21,predictive,2
1,8,A shy and introverted third-grader who discovers the joy of reading through the librarian's recommendations,21,explicit,3
1,8,A shy and introverted third-grader who discovers the joy of reading through the librarian's recommendations,38,control,2
1,8,A shy and introverted third-grader who discovers the joy of reading through the librarian's recommendations,38,predictive,3
1,8,A shy and introverted third-grader who discovers the joy of reading through the librarian's recommendations,38,explicit,3
1,8,A shy and introverted third-grader who discovers the joy of reading through the librarian's recommendations,36,control,2
1,8,A shy and introverted third-grader who discovers the joy of reading through the librarian's recommendations,36,predictive,3
1,8,A shy and introverted third-grader who discovers the joy of reading through the librarian's recommendations,36,explicit,3
1,8,A shy and introverted third-grader who discovers the joy of reading through the librarian's recommendations,31,control,2
1,8,A shy and introverted third-grader who discovers the joy of reading through the librarian's recommendations,31,predictive,4
1,8,A shy and introverted third-grader who discovers the joy of reading through the librarian's recommendations,31,explicit,3
1,8,A shy and introverted third-grader who discovers the joy of reading through the librarian's recommendations,30,control,2
1,8,A shy and introverted third-grader who discovers the joy of reading through the librarian's recommendations,30,predictive,3
1,8,A shy and introverted third-grader who discovers the joy of reading through the librarian's recommendations,30,explicit,3
1,8,A shy and introverted third-grader who discovers the joy of reading through the librarian's recommendations,37,control,3
1,8,A shy and introverted third-grader who discovers the joy of reading through the librarian's recommendations,37,predictive,3
1,8,A shy and introverted third-grader who discovers the joy of reading through the librarian's recommendations,37,explicit,3
1,8,A shy and introverted third-grader who discovers the joy of reading through the librarian's recommendations,39,control,1
1,8,A shy and introverted third-grader who discovers the joy of reading through the librarian's recommendations,39,predictive,1
1,8,A shy and introverted third-grader who discovers the joy of reading through the librarian's recommendations,39,explicit,2
1,8,A shy and introverted third-grader who discovers the joy of reading through the librarian's recommendations,24,control,1
1,8,A shy and introverted third-grader who discovers the joy of reading through the librarian's recommendations,24,predictive,3
1,8,A shy and introverted third-grader who discovers the joy of reading through the librarian's recommendations,24,explicit,2
1,8,A shy and introverted third-grader who discovers the joy of reading through the librarian's recommendations,23,control,1
1,8,A shy and introverted third-grader who discovers the joy of reading through the librarian's recommendations,23,predictive,3
1,8,A shy and introverted third-grader who discovers the joy of reading through the librarian's recommendations,23,explicit,3
1,8,A shy and introverted third-grader who discovers the joy of reading through the librarian's recommendations,4,control,3
1,8,A shy and introverted third-grader who discovers the joy of reading through the librarian's recommendations,4,predictive,3
1,8,A shy and introverted third-grader who discovers the joy of reading through the librarian's recommendations,4,explicit,3
1,8,A shy and introverted third-grader who discovers the joy of reading through the librarian's recommendations,15,control,1
1,8,A shy and introverted third-grader who discovers the joy of reading through the librarian's recommendations,15,predictive,4
1,8,A shy and introverted third-grader who discovers the joy of reading through the librarian's recommendations,15,explicit,4
1,8,A shy and introverted third-grader who discovers the joy of reading through the librarian's recommendations,3,control,3
1,8,A shy and introverted third-grader who discovers the joy of reading through the librarian's recommendations,3,predictive,3
1,8,A shy and introverted third-grader who discovers the joy of reading through the librarian's recommendations,3,explicit,3
1,8,A shy and introverted third-grader who discovers the joy of reading through the librarian's recommendations,12,control,3
1,8,A shy and introverted third-grader who discovers the joy of reading through the librarian's recommendations,12,predictive,4
1,8,A shy and introverted third-grader who discovers the joy of reading through the librarian's recommendations,12,explicit,3
1,8,A shy and introverted third-grader who discovers the joy of reading through the librarian's recommendations,40,control,3
1,8,A shy and introverted third-grader who discovers the joy of reading through the librarian's recommendations,40,predictive,3
1,8,A shy and introverted third-grader who discovers the joy of reading through the librarian's recommendations,40,explicit,3
1,8,A shy and introverted third-grader who discovers the joy of reading through the librarian's recommendations,2,control,3
1,8,A shy and introverted third-grader who discovers the joy of reading through the librarian's recommendations,2,predictive,4
1,8,A shy and introverted third-grader who discovers the joy of reading through the librarian's recommendations,2,explicit,4
1,8,A shy and introverted third-grader who discovers the joy of reading through the librarian's recommendations,13,control,3
1,8,A shy and introverted third-grader who discovers the joy of reading through the librarian's recommendations,13,predictive,3
1,8,A shy and introverted third-grader who discovers the joy of reading through the librarian's recommendations,13,explicit,3
1,8,A shy and introverted third-grader who discovers the joy of reading through the librarian's recommendations,5,control,3
1,8,A shy and introverted third-grader who discovers the joy of reading through the librarian's recommendations,5,predictive,3
1,8,A shy and introverted third-grader who discovers the joy of reading through the librarian's recommendations,5,explicit,3
1,8,A shy and introverted third-grader who discovers the joy of reading through the librarian's recommendations,14,control,3
1,8,A shy and introverted third-grader who discovers the joy of reading through the librarian's recommendations,14,predictive,3
1,8,A shy and introverted third-grader who discovers the joy of reading through the librarian's recommendations,14,explicit,3
1,8,A shy and introverted third-grader who discovers the joy of reading through the librarian's recommendations,22,control,3
1,8,A shy and introverted third-grader who discovers the joy of reading through the librarian's recommendations,22,predictive,3
1,8,A shy and introverted third-grader who discovers the joy of reading through the librarian's recommendations,22,explicit,3
1,8,A shy and introverted third-grader who discovers the joy of reading through the librarian's recommendations,25,control,3
1,8,A shy and introverted third-grader who discovers the joy of reading through the librarian's recommendations,25,predictive,4
1,8,A shy and introverted third-grader who discovers the joy of reading through the librarian's recommendations,25,explicit,3
2,8,An elementary school student who prefers reading traditional storybooks over digital ones,32,control,2
2,8,An elementary school student who prefers reading traditional storybooks over digital ones,32,predictive,4
2,8,An elementary school student who prefers reading traditional storybooks over digital ones,32,explicit,3
2,8,An elementary school student who prefers reading traditional storybooks over digital ones,35,control,3
2,8,An elementary school student who prefers reading traditional storybooks over digital ones,35,predictive,3
2,8,An elementary school student who prefers reading traditional storybooks over digital ones,35,explicit,3
2,8,An elementary school student who prefers reading traditional storybooks over digital ones,34,control,3
2,8,An elementary school student who prefers reading traditional storybooks over digital ones,34,predictive,3
2,8,An elementary school student who prefers reading traditional storybooks over digital ones,34,explicit,3
2,8,An elementary school student who prefers reading traditional storybooks over digital ones,33,control,3
2,8,An elementary school student who prefers reading traditional storybooks over digital ones,33,predictive,4
2,8,An elementary school student who prefers reading traditional storybooks over digital ones,33,explicit,4
2,8,An elementary school student who prefers reading traditional storybooks over digital ones,20,control,2
2,8,An elementary school student who prefers reading traditional storybooks over digital ones,20,predictive,3
2,8,An elementary school student who prefers reading traditional storybooks over digital ones,20,explicit,4
2,8,An elementary school student who prefers reading traditional storybooks over digital ones,18,control,2
2,8,An elementary school student who prefers reading traditional storybooks over digital ones,18,predictive,3
2,8,An elementary school student who prefers reading traditional storybooks over digital ones,18,explicit,2
2,8,An elementary school student who prefers reading traditional storybooks over digital ones,27,control,4
2,8,An elementary school student who prefers reading traditional storybooks over digital ones,27,predictive,3
2,8,An elementary school student who prefers reading traditional storybooks over digital ones,27,explicit,3
2,8,An elementary school student who prefers reading traditional storybooks over digital ones,9,control,2
2,8,An elementary school student who prefers reading traditional storybooks over digital ones,9,predictive,2
2,8,An elementary school student who prefers reading traditional storybooks over digital ones,9,explicit,2
2,8,An elementary school student who prefers reading traditional storybooks over digital ones,11,control,3
2,8,An elementary school student who prefers reading traditional storybooks over digital ones,11,predictive,3
2,8,An elementary school student who prefers reading traditional storybooks over digital ones,11,explicit,3
2,8,An elementary school student who prefers reading traditional storybooks over digital ones,7,control,3
2,8,An elementary school student who prefers reading traditional storybooks over digital ones,7,predictive,4
2,8,An elementary school student who prefers reading traditional storybooks over digital ones,7,explicit,3
2,8,An elementary school student who prefers reading traditional storybooks over digital ones,29,control,3
2,8,An elementary school student who prefers reading traditional storybooks over digital ones,29,predictive,4
2,8,An elementary school student who prefers reading traditional storybooks over digital ones,29,explicit,3
2,8,An elementary school student who prefers reading traditional storybooks over digital ones,16,control,2
2,8,An elementary school student who prefers reading traditional storybooks over digital ones,16,predictive,3
2,8,An elementary school student who prefers reading traditional storybooks over digital ones,16,explicit,3
2,8,An elementary school student who prefers reading traditional storybooks over digital ones,6,control,2
2,8,An elementary school student who prefers reading traditional storybooks over digital ones,6,predictive,2
2,8,An elementary school student who prefers reading traditional storybooks over digital ones,6,explicit,3
2,8,An elementary school student who prefers reading traditional storybooks over digital ones,28,control,3
2,8,An elementary school student who prefers reading traditional storybooks over digital ones,28,predictive,4
2,8,An elementary school student who prefers reading traditional storybooks over digital ones,28,explicit,4
2,8,An elementary school student who prefers reading traditional storybooks over digital ones,17,control,2
2,8,An elementary school student who prefers reading traditional storybooks over digital ones,17,predictive,2
2,8,An elementary school student who prefers reading traditional storybooks over digital ones,17,explicit,3
2,8,An elementary school student who prefers reading traditional storybooks over digital ones,1,control,1
2,8,An elementary school student who prefers reading traditional storybooks over digital ones,1,predictive,3
2,8,An elementary school student who prefers reading traditional storybooks over digital ones,1,explicit,3
2,8,An elementary school student who prefers reading traditional storybooks over digital ones,10,control,2
2,8,An elementary school student who prefers reading traditional storybooks over digital ones,10,predictive,3
2,8,An elementary school student who prefers reading traditional storybooks over digital ones,10,explicit,3
2,8,An elementary school student who prefers reading traditional storybooks over digital ones,19,control,3
2,8,An elementary school student who prefers reading traditional storybooks over digital ones,19,predictive,4
2,8,An elementary school student who prefers reading traditional storybooks over digital ones,19,explicit,3
2,8,An elementary school student who prefers reading traditional storybooks over digital ones,26,control,3
2,8,An elementary school student who prefers reading traditional storybooks over digital ones,26,predictive,3
2,8,An elementary school student who prefers reading traditional storybooks over digital ones,26,explicit,3
2,8,An elementary school student who prefers reading traditional storybooks over digital ones,8,control,3
2,8,An elementary school student who prefers reading traditional storybooks over digital ones,8,predictive,4
2,8,An elementary school student who prefers reading traditional storybooks over digital ones,8,explicit,4
2,8,An elementary school student who prefers reading traditional storybooks over digital ones,21,control,2
2,8,An elementary school student who prefers reading traditional storybooks over digital ones,21,predictive,3
2,8,An elementary school student who prefers reading traditional storybooks over digital ones,21,explicit,3
2,8,An elementary school student who prefers reading traditional storybooks over digital ones,38,control,2
2,8,An elementary school student who prefers reading traditional storybooks over digital ones,38,predictive,3
2,8,An elementary school student who prefers reading traditional storybooks over digital ones,38,explicit,3
2,8,An elementary school student who prefers reading traditional storybooks over digital ones,36,control,2
2,8,An elementary school student who prefers reading traditional storybooks over digital ones,36,predictive,3
2,8,An elementary school student who prefers reading traditional storybooks over digital ones,36,explicit,3
2,8,An elementary school student who prefers reading traditional storybooks over digital ones,31,control,3
2,8,An elementary school student who prefers reading traditional storybooks over digital ones,31,predictive,4
2,8,An elementary school student who prefers reading traditional storybooks over digital ones,31,explicit,3
2,8,An elementary school student who prefers reading traditional storybooks over digital ones,30,control,2
2,8,An elementary school student who prefers reading traditional storybooks over digital ones,30,predictive,3
2,8,An elementary school student who prefers reading traditional storybooks over digital ones,30,explicit,3
2,8,An elementary school student who prefers reading traditional storybooks over digital ones,37,control,3
2,8,An elementary school student who prefers reading traditional storybooks over digital ones,37,predictive,3
2,8,An elementary school student who prefers reading traditional storybooks over digital ones,37,explicit,3
2,8,An elementary school student who prefers reading traditional storybooks over digital ones,39,control,1
2,8,An elementary school student who prefers reading traditional storybooks over digital ones,39,predictive,3
2,8,An elementary school student who prefers reading traditional storybooks over digital ones,39,explicit,3
2,8,An elementary school student who prefers reading traditional storybooks over digital ones,24,control,1
2,8,An elementary school student who prefers reading traditional storybooks over digital ones,24,predictive,2
2,8,An elementary school student who prefers reading traditional storybooks over digital ones,24,explicit,2
2,8,An elementary school student who prefers reading traditional storybooks over digital ones,23,control,4
2,8,An elementary school student who prefers reading traditional storybooks over digital ones,23,predictive,3
2,8,An elementary school student who prefers reading traditional storybooks over digital ones,23,explicit,4
2,8,An elementary school student who prefers reading traditional storybooks over digital ones,4,control,2
2,8,An elementary school student who prefers reading traditional storybooks over digital ones,4,predictive,3
2,8,An elementary school student who prefers reading traditional storybooks over digital ones,4,explicit,3
2,8,An elementary school student who prefers reading traditional storybooks over digital ones,15,control,1
2,8,An elementary school student who prefers reading traditional storybooks over digital ones,15,predictive,4
2,8,An elementary school student who prefers reading traditional storybooks over digital ones,15,explicit,4
2,8,An elementary school student who prefers reading traditional storybooks over digital ones,3,control,3
2,8,An elementary school student who prefers reading traditional storybooks over digital ones,3,predictive,4
2,8,An elementary school student who prefers reading traditional storybooks over digital ones,3,explicit,3
2,8,An elementary school student who prefers reading traditional storybooks over digital ones,12,control,3
2,8,An elementary school student who prefers reading traditional storybooks over digital ones,12,predictive,2
2,8,An elementary school student who prefers reading traditional storybooks over digital ones,12,explicit,3
2,8,An elementary school student who prefers reading traditional storybooks over digital ones,40,control,2
2,8,An elementary school student who prefers reading traditional storybooks over digital ones,40,predictive,2
2,8,An elementary school student who prefers reading traditional storybooks over digital ones,40,explicit,3
2,8,An elementary school student who prefers reading traditional storybooks over digital ones,2,control,3
2,8,An elementary school student who prefers reading traditional storybooks over digital ones,2,predictive,4
2,8,An elementary school student who prefers reading traditional storybooks over digital ones,2,explicit,4
2,8,An elementary school student who prefers reading traditional storybooks over digital ones,13,control,3
2,8,An elementary school student who prefers reading traditional storybooks over digital ones,13,predictive,4
2,8,An elementary school student who prefers reading traditional storybooks over digital ones,13,explicit,3
2,8,An elementary school student who prefers reading traditional storybooks over digital ones,5,control,2
2,8,An elementary school student who prefers reading traditional storybooks over digital ones,5,predictive,3
2,8,An elementary school student who prefers reading traditional storybooks over digital ones,5,explicit,4
2,8,An elementary school student who prefers reading traditional storybooks over digital ones,14,control,3
2,8,An elementary school student who prefers reading traditional storybooks over digital ones,14,predictive,3
2,8,An elementary school student who prefers reading traditional storybooks over digital ones,14,explicit,3
2,8,An elementary school student who prefers reading traditional storybooks over digital ones,22,control,3
2,8,An elementary school student who prefers reading traditional storybooks over digital ones,22,predictive,3
2,8,An elementary school student who prefers reading traditional storybooks over digital ones,22,explicit,3
2,8,An elementary school student who prefers reading traditional storybooks over digital ones,25,control,2
2,8,An elementary school student who prefers reading traditional storybooks over digital ones,25,predictive,4
2,8,An elementary school student who prefers reading traditional storybooks over digital ones,25,explicit,4
3,8,A primary school student who loves learning new healthy recipes to cook at home,32,control,2
3,8,A primary school student who loves learning new healthy recipes to cook at home,32,predictive,4
3,8,A primary school student who loves learning new healthy recipes to cook at home,32,explicit,3
3,8,A primary school student who loves learning new healthy recipes to cook at home,35,control,4
3,8,A primary school student who loves learning new healthy recipes to cook at home,35,predictive,4
3,8,A primary school student who loves learning new healthy recipes to cook at home,35,explicit,3
3,8,A primary school student who loves learning new healthy recipes to cook at home,34,control,3
3,8,A primary school student who loves learning new healthy recipes to cook at home,34,predictive,3
3,8,A primary school student who loves learning new healthy recipes to cook at home,34,explicit,3
3,8,A primary school student who loves learning new healthy recipes to cook at home,33,control,3
3,8,A primary school student who loves learning new healthy recipes to cook at home,33,predictive,4
3,8,A primary school student who loves learning new healthy recipes to cook at home,33,explicit,4
3,8,A primary school student who loves learning new healthy recipes to cook at home,20,control,3
3,8,A primary school student who loves learning new healthy recipes to cook at home,20,predictive,3
3,8,A primary school student who loves learning new healthy recipes to cook at home,20,explicit,4
3,8,A primary school student who loves learning new healthy recipes to cook at home,18,control,2
3,8,A primary school student who loves learning new healthy recipes to cook at home,18,predictive,3
3,8,A primary school student who loves learning new healthy recipes to cook at home,18,explicit,3
3,8,A primary school student who loves learning new healthy recipes to cook at home,27,control,4
3,8,A primary school student who loves learning new healthy recipes to cook at home,27,predictive,3
3,8,A primary school student who loves learning new healthy recipes to cook at home,27,explicit,4
3,8,A primary school student who loves learning new healthy recipes to cook at home,9,control,2
3,8,A primary school student who loves learning new healthy recipes to cook at home,9,predictive,3
3,8,A primary school student who loves learning new healthy recipes to cook at home,9,explicit,3
3,8,A primary school student who loves learning new healthy recipes to cook at home,11,control,4
3,8,A primary school student who loves learning new healthy recipes to cook at home,11,predictive,4
3,8,A primary school student who loves learning new healthy recipes to cook at home,11,explicit,3
3,8,A primary school student who loves learning new healthy recipes to cook at home,7,control,4
3,8,A primary school student who loves learning new healthy recipes to cook at home,7,predictive,4
3,8,A primary school student who loves learning new healthy recipes to cook at home,7,explicit,2
3,8,A primary school student who loves learning new healthy recipes to cook at home,29,control,3
3,8,A primary school student who loves learning new healthy recipes to cook at home,29,predictive,3
3,8,A primary school student who loves learning new healthy recipes to cook at home,29,explicit,4
3,8,A primary school student who loves learning new healthy recipes to cook at home,16,control,2
3,8,A primary school student who loves learning new healthy recipes to cook at home,16,predictive,2
3,8,A primary school student who loves learning new healthy recipes to cook at home,16,explicit,3
3,8,A primary school student who loves learning new healthy recipes to cook at home,6,control,2
3,8,A primary school student who loves learning new healthy recipes to cook at home,6,predictive,2
3,8,A primary school student who loves learning new healthy recipes to cook at home,6,explicit,3
3,8,A primary school student who loves learning new healthy recipes to cook at home,28,control,3
3,8,A primary school student who loves learning new healthy recipes to cook at home,28,predictive,4
3,8,A primary school student who loves learning new healthy recipes to cook at home,28,explicit,4
3,8,A primary school student who loves learning new healthy recipes to cook at home,17,control,2
3,8,A primary school student who loves learning new healthy recipes to cook at home,17,predictive,2
3,8,A primary school student who loves learning new healthy recipes to cook at home,17,explicit,3
3,8,A primary school student who loves learning new healthy recipes to cook at home,1,control,1
3,8,A primary school student who loves learning new healthy recipes to cook at home,1,predictive,3
3,8,A primary school student who loves learning new healthy recipes to cook at home,1,explicit,3
3,8,A primary school student who loves learning new healthy recipes to cook at home,10,control,2
3,8,A primary school student who loves learning new healthy recipes to cook at home,10,predictive,3
3,8,A primary school student who loves learning new healthy recipes to cook at home,10,explicit,3
3,8,A primary school student who loves learning new healthy recipes to cook at home,19,control,3
3,8,A primary school student who loves learning new healthy recipes to cook at home,19,predictive,3
3,8,A primary school student who loves learning new healthy recipes to cook at home,19,explicit,3
3,8,A primary school student who loves learning new healthy recipes to cook at home,26,control,3
3,8,A primary school student who loves learning new healthy recipes to cook at home,26,predictive,3
3,8,A primary school student who loves learning new healthy recipes to cook at home,26,explicit,3
3,8,A primary school student who loves learning new healthy recipes to cook at home,8,control,3
3,8,A primary school student who loves learning new healthy recipes to cook at home,8,predictive,3
3,8,A primary school student who loves learning new healthy recipes to cook at home,8,explicit,4
3,8,A primary school student who loves learning new healthy recipes to cook at home,21,control,2
3,8,A primary school student who loves learning new healthy recipes to cook at home,21,predictive,2
3,8,A primary school student who loves learning new healthy recipes to cook at home,21,explicit,3
3,8,A primary school student who loves learning new healthy recipes to cook at home,38,control,3
3,8,A primary school student who loves learning new healthy recipes to cook at home,38,predictive,3
3,8,A primary school student who loves learning new healthy recipes to cook at home,38,explicit,3
3,8,A primary school student who loves learning new healthy recipes to cook at home,36,control,3
3,8,A primary school student who loves learning new healthy recipes to cook at home,36,predictive,3
3,8,A primary school student who loves learning new healthy recipes to cook at home,36,explicit,3
3,8,A primary school student who loves learning new healthy recipes to cook at home,31,control,2
3,8,A primary school student who loves learning new healthy recipes to cook at home,31,predictive,4
3,8,A primary school student who loves learning new healthy recipes to cook at home,31,explicit,4
3,8,A primary school student who loves learning new healthy recipes to cook at home,30,control,2
3,8,A primary school student who loves learning new healthy recipes to cook at home,30,predictive,3
3,8,A primary school student who loves learning new healthy recipes to cook at home,30,explicit,3
3,8,A primary school student who loves learning new healthy recipes to cook at home,37,control,3
3,8,A primary school student who loves learning new healthy recipes to cook at home,37,predictive,3
3,8,A primary school student who loves learning new healthy recipes to cook at home,37,explicit,3
3,8,A primary school student who loves learning new healthy recipes to cook at home,39,control,1
3,8,A primary school student who loves learning new healthy recipes to cook at home,39,predictive,1
3,8,A primary school student who loves learning new healthy recipes to cook at home,39,explicit,3
3,8,A primary school student who loves learning new healthy recipes to cook at home,24,control,1
3,8,A primary school student who loves learning new healthy recipes to cook at home,24,predictive,2
3,8,A primary school student who loves learning new healthy recipes to cook at home,24,explicit,2
3,8,A primary school student who loves learning new healthy recipes to cook at home,23,control,1
3,8,A primary school student who loves learning new healthy recipes to cook at home,23,predictive,4
3,8,A primary school student who loves learning new healthy recipes to cook at home,23,explicit,3
3,8,A primary school student who loves learning new healthy recipes to cook at home,4,control,3
3,8,A primary school student who loves learning new healthy recipes to cook at home,4,predictive,3
3,8,A primary school student who loves learning new healthy recipes to cook at home,4,explicit,3
3,8,A primary school student who loves learning new healthy recipes to cook at home,15,control,2
3,8,A primary school student who loves learning new healthy recipes to cook at home,15,predictive,4
3,8,A primary school student who loves learning new healthy recipes to cook at home,15,explicit,4
3,8,A primary school student who loves learning new healthy recipes to cook at home,3,control,3
3,8,A primary school student who loves learning new healthy recipes to cook at home,3,predictive,4
3,8,A primary school student who loves learning new healthy recipes to cook at home,3,explicit,3
3,8,A primary school student who loves learning new healthy recipes to cook at home,12,control,3
3,8,A primary school student who loves learning new healthy recipes to cook at home,12,predictive,4
3,8,A primary school student who loves learning new healthy recipes to cook at home,12,explicit,2
3,8,A primary school student who loves learning new healthy recipes to cook at home,40,control,2
3,8,A primary school student who loves learning new healthy recipes to cook at home,40,predictive,3
3,8,A primary school student who loves learning new healthy recipes to cook at home,40,explicit,3
3,8,A primary school student who loves learning new healthy recipes to cook at home,2,control,3
3,8,A primary school student who loves learning new healthy recipes to cook at home,2,predictive,4
3,8,A primary school student who loves learning new healthy recipes to cook at home,2,explicit,4
3,8,A primary school student who loves learning new healthy recipes to cook at home,13,control,3
3,8,A primary school student who loves learning new healthy recipes to cook at home,13,predictive,3
3,8,A primary school student who loves learning new healthy recipes to cook at home,13,explicit,4
3,8,A primary school student who loves learning new healthy recipes to cook at home,5,control,3
3,8,A primary school student who loves learning new healthy recipes to cook at home,5,predictive,3
3,8,A primary school student who loves learning new healthy recipes to cook at home,5,explicit,4
3,8,A primary school student who loves learning new healthy recipes to cook at home,14,control,3
3,8,A primary school student who loves learning new healthy recipes to cook at home,14,predictive,3
3,8,A primary school student who loves learning new healthy recipes to cook at home,14,explicit,3
3,8,A primary school student who loves learning new healthy recipes to cook at home,22,control,4
3,8,A primary school student who loves learning new healthy recipes to cook at home,22,predictive,3
3,8,A primary school student who loves learning new healthy recipes to cook at home,22,explicit,3
3,8,A primary school student who loves learning new healthy recipes to cook at home,25,control,2
3,8,A primary school student who loves learning new healthy recipes to cook at home,25,predictive,4
3,8,A primary school student who loves learning new healthy recipes to cook at home,25,explicit,4
4,9,A 9-year-old child who greatly enjoys the storytelling events and wants to become a writer,32,control,2
4,9,A 9-year-old child who greatly enjoys the storytelling events and wants to become a writer,32,predictive,4
4,9,A 9-year-old child who greatly enjoys the storytelling events and wants to become a writer,32,explicit,4
4,9,A 9-year-old child who greatly enjoys the storytelling events and wants to become a writer,35,control,4
4,9,A 9-year-old child who greatly enjoys the storytelling events and wants to become a writer,35,predictive,3
4,9,A 9-year-old child who greatly enjoys the storytelling events and wants to become a writer,35,explicit,4
4,9,A 9-year-old child who greatly enjoys the storytelling events and wants to become a writer,34,control,3
4,9,A 9-year-old child who greatly enjoys the storytelling events and wants to become a writer,34,predictive,4
4,9,A 9-year-old child who greatly enjoys the storytelling events and wants to become a writer,34,explicit,4
4,9,A 9-year-old child who greatly enjoys the storytelling events and wants to become a writer,33,control,3
4,9,A 9-year-old child who greatly enjoys the storytelling events and wants to become a writer,33,predictive,4
4,9,A 9-year-old child who greatly enjoys the storytelling events and wants to become a writer,33,explicit,4
4,9,A 9-year-old child who greatly enjoys the storytelling events and wants to become a writer,20,control,3
4,9,A 9-year-old child who greatly enjoys the storytelling events and wants to become a writer,20,predictive,3
4,9,A 9-year-old child who greatly enjoys the storytelling events and wants to become a writer,20,explicit,4
4,9,A 9-year-old child who greatly enjoys the storytelling events and wants to become a writer,18,control,2
4,9,A 9-year-old child who greatly enjoys the storytelling events and wants to become a writer,18,predictive,3
4,9,A 9-year-old child who greatly enjoys the storytelling events and wants to become a writer,18,explicit,3
4,9,A 9-year-old child who greatly enjoys the storytelling events and wants to become a writer,27,control,3
4,9,A 9-year-old child who greatly enjoys the storytelling events and wants to become a writer,27,predictive,3
4,9,A 9-year-old child who greatly enjoys the storytelling events and wants to become a writer,27,explicit,3
4,9,A 9-year-old child who greatly enjoys the storytelling events and wants to become a writer,9,control,2
4,9,A 9-year-old child who greatly enjoys the storytelling events and wants to become a writer,9,predictive,2
4,9,A 9-year-old child who greatly enjoys the storytelling events and wants to become a writer,9,explicit,2
4,9,A 9-year-old child who greatly enjoys the storytelling events and wants to become a writer,11,control,3
4,9,A 9-year-old child who greatly enjoys the storytelling events and wants to become a writer,11,predictive,3
4,9,A 9-year-old child who greatly enjoys the storytelling events and wants to become a writer,11,explicit,3
4,9,A 9-year-old child who greatly enjoys the storytelling events and wants to become a writer,7,control,3
4,9,A 9-year-old child who greatly enjoys the storytelling events and wants to become a writer,7,predictive,3
4,9,A 9-year-old child who greatly enjoys the storytelling events and wants to become a writer,7,explicit,3
4,9,A 9-year-old child who greatly enjoys the storytelling events and wants to become a writer,29,control,3
4,9,A 9-year-old child who greatly enjoys the storytelling events and wants to become a writer,29,predictive,3
4,9,A 9-year-old child who greatly enjoys the storytelling events and wants to become a writer,29,explicit,3
4,9,A 9-year-old child who greatly enjoys the storytelling events and wants to become a writer,16,control,2
4,9,A 9-year-old child who greatly enjoys the storytelling events and wants to become a writer,16,predictive,3
4,9,A 9-year-old child who greatly enjoys the storytelling events and wants to become a writer,16,explicit,3
4,9,A 9-year-old child who greatly enjoys the storytelling events and wants to become a writer,6,control,2
4,9,A 9-year-old child who greatly enjoys the storytelling events and wants to become a writer,6,predictive,3
4,9,A 9-year-old child who greatly enjoys the storytelling events and wants to become a writer,6,explicit,3
4,9,A 9-year-old child who greatly enjoys the storytelling events and wants to become a writer,28,control,3
4,9,A 9-year-old child who greatly enjoys the storytelling events and wants to become a writer,28,predictive,4
4,9,A 9-year-old child who greatly enjoys the storytelling events and wants to become a writer,28,explicit,4
4,9,A 9-year-old child who greatly enjoys the storytelling events and wants to become a writer,17,control,2
4,9,A 9-year-old child who greatly enjoys the storytelling events and wants to become a writer,17,predictive,2
4,9,A 9-year-old child who greatly enjoys the storytelling events and wants to become a writer,17,explicit,3
4,9,A 9-year-old child who greatly enjoys the storytelling events and wants to become a writer,1,control,1
4,9,A 9-year-old child who greatly enjoys the storytelling events and wants to become a writer,1,predictive,3
4,9,A 9-year-old child who greatly enjoys the storytelling events and wants to become a writer,1,explicit,3
4,9,A 9-year-old child who greatly enjoys the storytelling events and wants to become a writer,10,control,3
4,9,A 9-year-old child who greatly enjoys the storytelling events and wants to become a writer,10,predictive,3
4,9,A 9-year-old child who greatly enjoys the storytelling events and wants to become a writer,10,explicit,4
4,9,A 9-year-old child who greatly enjoys the storytelling events and wants to become a writer,19,control,3
4,9,A 9-year-old child who greatly enjoys the storytelling events and wants to become a writer,19,predictive,4
4,9,A 9-year-old child who greatly enjoys the storytelling events and wants to become a writer,19,explicit,3
4,9,A 9-year-old child who greatly enjoys the storytelling events and wants to become a writer,26,control,3
4,9,A 9-year-old child who greatly enjoys the storytelling events and wants to become a writer,26,predictive,3
4,9,A 9-year-old child who greatly enjoys the storytelling events and wants to become a writer,26,explicit,3
4,9,A 9-year-old child who greatly enjoys the storytelling events and wants to become a writer,8,control,4
4,9,A 9-year-old child who greatly enjoys the storytelling events and wants to become a writer,8,predictive,4
4,9,A 9-year-old child who greatly enjoys the storytelling events and wants to become a writer,8,explicit,4
4,9,A 9-year-old child who greatly enjoys the storytelling events and wants to become a writer,21,control,2
4,9,A 9-year-old child who greatly enjoys the storytelling events and wants to become a writer,21,predictive,3
4,9,A 9-year-old child who greatly enjoys the storytelling events and wants to become a writer,21,explicit,3
4,9,A 9-year-old child who greatly enjoys the storytelling events and wants to become a writer,38,control,3
4,9,A 9-year-old child who greatly enjoys the storytelling events and wants to become a writer,38,predictive,3
4,9,A 9-year-old child who greatly enjoys the storytelling events and wants to become a writer,38,explicit,3
4,9,A 9-year-old child who greatly enjoys the storytelling events and wants to become a writer,36,control,2
4,9,A 9-year-old child who greatly enjoys the storytelling events and wants to become a writer,36,predictive,3
4,9,A 9-year-old child who greatly enjoys the storytelling events and wants to become a writer,36,explicit,4
4,9,A 9-year-old child who greatly enjoys the storytelling events and wants to become a writer,31,control,2
4,9,A 9-year-old child who greatly enjoys the storytelling events and wants to become a writer,31,predictive,4
4,9,A 9-year-old child who greatly enjoys the storytelling events and wants to become a writer,31,explicit,3
4,9,A 9-year-old child who greatly enjoys the storytelling events and wants to become a writer,30,control,3
4,9,A 9-year-old child who greatly enjoys the storytelling events and wants to become a writer,30,predictive,3
4,9,A 9-year-old child who greatly enjoys the storytelling events and wants to become a writer,30,explicit,3
4,9,A 9-year-old child who greatly enjoys the storytelling events and wants to become a writer,37,control,3
4,9,A 9-year-old child who greatly enjoys the storytelling events and wants to become a writer,37,predictive,3
4,9,A 9-year-old child who greatly enjoys the storytelling events and wants to become a writer,37,explicit,3
4,9,A 9-year-old child who greatly enjoys the storytelling events and wants to become a writer,39,control,1
4,9,A 9-year-old child who greatly enjoys the storytelling events and wants to become a writer,39,predictive,1
4,9,A 9-year-old child who greatly enjoys the storytelling events and wants to become a writer,39,explicit,2
4,9,A 9-year-old child who greatly enjoys the storytelling events and wants to become a writer,24,control,1
4,9,A 9-year-old child who greatly enjoys the storytelling events and wants to become a writer,24,predictive,2
4,9,A 9-year-old child who greatly enjoys the storytelling events and wants to become a writer,24,explicit,2
4,9,A 9-year-old child who greatly enjoys the storytelling events and wants to become a writer,23,control,1
4,9,A 9-year-old child who greatly enjoys the storytelling events and wants to become a writer,23,predictive,4
4,9,A 9-year-old child who greatly enjoys the storytelling events and wants to become a writer,23,explicit,4
4,9,A 9-year-old child who greatly enjoys the storytelling events and wants to become a writer,4,control,3
4,9,A 9-year-old child who greatly enjoys the storytelling events and wants to become a writer,4,predictive,3
4,9,A 9-year-old child who greatly enjoys the storytelling events and wants to become a writer,4,explicit,3
4,9,A 9-year-old child who greatly enjoys the storytelling events and wants to become a writer,15,control,2
4,9,A 9-year-old child who greatly enjoys the storytelling events and wants to become a writer,15,predictive,4
4,9,A 9-year-old child who greatly enjoys the storytelling events and wants to become a writer,15,explicit,4
4,9,A 9-year-old child who greatly enjoys the storytelling events and wants to become a writer,3,control,2
4,9,A 9-year-old child who greatly enjoys the storytelling events and wants to become a writer,3,predictive,3
4,9,A 9-year-old child who greatly enjoys the storytelling events and wants to become a writer,3,explicit,3
4,9,A 9-year-old child who greatly enjoys the storytelling events and wants to become a writer,12,control,4
4,9,A 9-year-old child who greatly enjoys the storytelling events and wants to become a writer,12,predictive,4
4,9,A 9-year-old child who greatly enjoys the storytelling events and wants to become a writer,12,explicit,4
4,9,A 9-year-old child who greatly enjoys the storytelling events and wants to become a writer,40,control,2
4,9,A 9-year-old child who greatly enjoys the storytelling events and wants to become a writer,40,predictive,3
4,9,A 9-year-old child who greatly enjoys the storytelling events and wants to become a writer,40,explicit,3
4,9,A 9-year-old child who greatly enjoys the storytelling events and wants to become a writer,2,control,3
4,9,A 9-year-old child who greatly enjoys the storytelling events and wants to become a writer,2,predictive,4
4,9,A 9-year-old child who greatly enjoys the storytelling events and wants to become a writer,2,explicit,4
4,9,A 9-year-old child who greatly enjoys the storytelling events and wants to become a writer,13,control,3
4,9,A 9-year-old child who greatly enjoys the storytelling events and wants to become a writer,13,predictive,4
4,9,A 9-year-old child who greatly enjoys the storytelling events and wants to become a writer,13,explicit,3
4,9,A 9-year-old child who greatly enjoys the storytelling events and wants to become a writer,5,control,2
4,9,A 9-year-old child who greatly enjoys the storytelling events and wants to become a writer,5,predictive,3
4,9,A 9-year-old child who greatly enjoys the storytelling events and wants to become a writer,5,explicit,3
4,9,A 9-year-old child who greatly enjoys the storytelling events and wants to become a writer,14,control,2
4,9,A 9-year-old child who greatly enjoys the storytelling events and wants to become a writer,14,predictive,3
4,9,A 9-year-old child who greatly enjoys the storytelling events and wants to become a writer,14,explicit,3
4,9,A 9-year-old child who greatly enjoys the storytelling events and wants to become a writer,22,control,3
4,9,A 9-year-old child who greatly enjoys the storytelling events and wants to become a writer,22,predictive,3
4,9,A 9-year-old child who greatly enjoys the storytelling events and wants to become a writer,22,explicit,3
4,9,A 9-year-old child who greatly enjoys the storytelling events and wants to become a writer,25,control,2
4,9,A 9-year-old child who greatly enjoys the storytelling events and wants to become a writer,25,predictive,4
4,9,A 9-year-old child who greatly enjoys the storytelling events and wants to become a writer,25,explicit,4
5,11,An 11-year-old child obsessed with astronomy,32,control,2
5,11,An 11-year-old child obsessed with astronomy,32,predictive,3
5,11,An 11-year-old child obsessed with astronomy,32,explicit,3
5,11,An 11-year-old child obsessed with astronomy,35,control,4
5,11,An 11-year-old child obsessed with astronomy,35,predictive,3
5,11,An 11-year-old child obsessed with astronomy,35,explicit,3
5,11,An 11-year-old child obsessed with astronomy,34,control,3
5,11,An 11-year-old child obsessed with astronomy,34,predictive,4
5,11,An 11-year-old child obsessed with astronomy,34,explicit,3
5,11,An 11-year-old child obsessed with astronomy,33,control,3
5,11,An 11-year-old child obsessed with astronomy,33,predictive,4
5,11,An 11-year-old child obsessed with astronomy,33,explicit,4
5,11,An 11-year-old child obsessed with astronomy,20,control,2
5,11,An 11-year-old child obsessed with astronomy,20,predictive,3
5,11,An 11-year-old child obsessed with astronomy,20,explicit,4
5,11,An 11-year-old child obsessed with astronomy,18,control,2
5,11,An 11-year-old child obsessed with astronomy,18,predictive,3
5,11,An 11-year-old child obsessed with astronomy,18,explicit,3
5,11,An 11-year-old child obsessed with astronomy,27,control,3
5,11,An 11-year-old child obsessed with astronomy,27,predictive,3
5,11,An 11-year-old child obsessed with astronomy,27,explicit,3
5,11,An 11-year-old child obsessed with astronomy,9,control,2
5,11,An 11-year-old child obsessed with astronomy,9,predictive,3
5,11,An 11-year-old child obsessed with astronomy,9,explicit,3
5,11,An 11-year-old child obsessed with astronomy,11,control,3
5,11,An 11-year-old child obsessed with astronomy,11,predictive,4
5,11,An 11-year-old child obsessed with astronomy,11,explicit,3
5,11,An 11-year-old child obsessed with astronomy,7,control,3
5,11,An 11-year-old child obsessed with astronomy,7,predictive,3
5,11,An 11-year-old child obsessed with astronomy,7,explicit,3
5,11,An 11-year-old child obsessed with astronomy,29,control,3
5,11,An 11-year-old child obsessed with astronomy,29,predictive,3
5,11,An 11-year-old child obsessed with astronomy,29,explicit,3
5,11,An 11-year-old child obsessed with astronomy,16,control,2
5,11,An 11-year-old child obsessed with astronomy,16,predictive,2
5,11,An 11-year-old child obsessed with astronomy,16,explicit,3
5,11,An 11-year-old child obsessed with astronomy,6,control,2
5,11,An 11-year-old child obsessed with astronomy,6,predictive,3
5,11,An 11-year-old child obsessed with astronomy,6,explicit,3
5,11,An 11-year-old child obsessed with astronomy,28,control,3
5,11,An 11-year-old child obsessed with astronomy,28,predictive,4
5,11,An 11-year-old child obsessed with astronomy,28,explicit,3
5,11,An 11-year-old child obsessed with astronomy,17,control,2
5,11,An 11-year-old child obsessed with astronomy,17,predictive,2
5,11,An 11-year-old child obsessed with astronomy,17,explicit,3
5,11,An 11-year-old child obsessed with astronomy,1,control,1
5,11,An 11-year-old child obsessed with astronomy,1,predictive,3
5,11,An 11-year-old child obsessed with astronomy,1,explicit,3
5,11,An 11-year-old child obsessed with astronomy,10,control,1
5,11,An 11-year-old child obsessed with astronomy,10,predictive,3
5,11,An 11-year-old child obsessed with astronomy,10,explicit,3
5,11,An 11-year-old child obsessed with astronomy,19,control,3
5,11,An 11-year-old child obsessed with astronomy,19,predictive,3
5,11,An 11-year-old child obsessed with astronomy,19,explicit,3
5,11,An 11-year-old child obsessed with astronomy,26,control,3
5,11,An 11-year-old child obsessed with astronomy,26,predictive,3
5,11,An 11-year-old child obsessed with astronomy,26,explicit,3
5,11,An 11-year-old child obsessed with astronomy,8,control,3
5,11,An 11-year-old child obsessed with astronomy,8,predictive,3
5,11,An 11-year-old child obsessed with astronomy,8,explicit,4
5,11,An 11-year-old child obsessed with astronomy,21,control,2
5,11,An 11-year-old child obsessed with astronomy,21,predictive,2
5,11,An 11-year-old child obsessed with astronomy,21,explicit,3
5,11,An 11-year-old child obsessed with astronomy,38,control,3
5,11,An 11-year-old child obsessed with astronomy,38,predictive,3
5,11,An 11-year-old child obsessed with astronomy,38,explicit,3
5,11,An 11-year-old child obsessed with astronomy,36,control,3
5,11,An 11-year-old child obsessed with astronomy,36,predictive,3
5,11,An 11-year-old child obsessed with astronomy,36,explicit,3
5,11,An 11-year-old child obsessed with astronomy,31,control,2
5,11,An 11-year-old child obsessed with astronomy,31,predictive,4
5,11,An 11-year-old child obsessed with astronomy,31,explicit,3
5,11,An 11-year-old child obsessed with astronomy,30,control,2
5,11,An 11-year-old child obsessed with astronomy,30,predictive,3
5,11,An 11-year-old child obsessed with astronomy,30,explicit,3
5,11,An 11-year-old child obsessed with astronomy,37,control,3
5,11,An 11-year-old child obsessed with astronomy,37,predictive,3
5,11,An 11-year-old child obsessed with astronomy,37,explicit,3
5,11,An 11-year-old child obsessed with astronomy,39,control,1
5,11,An 11-year-old child obsessed with astronomy,39,predictive,1
5,11,An 11-year-old child obsessed with astronomy,39,explicit,2
5,11,An 11-year-old child obsessed with astronomy,24,control,1
5,11,An 11-year-old child obsessed with astronomy,24,predictive,2
5,11,An 11-year-old child obsessed with astronomy,24,explicit,2
5,11,An 11-year-old child obsessed with astronomy,23,control,1
5,11,An 11-year-old child obsessed with astronomy,23,predictive,4
5,11,An 11-year-old child obsessed with astronomy,23,explicit,4
5,11,An 11-year-old child obsessed with astronomy,4,control,3
5,11,An 11-year-old child obsessed with astronomy,4,predictive,3
5,11,An 11-year-old child obsessed with astronomy,4,explicit,3
5,11,An 11-year-old child obsessed with astronomy,15,control,2
5,11,An 11-year-old child obsessed with astronomy,15,predictive,4
5,11,An 11-year-old child obsessed with astronomy,15,explicit,4
5,11,An 11-year-old child obsessed with astronomy,3,control,3
5,11,An 11-year-old child obsessed with astronomy,3,predictive,3
5,11,An 11-year-old child obsessed with astronomy,3,explicit,3
5,11,An 11-year-old child obsessed with astronomy,12,control,4
5,11,An 11-year-old child obsessed with astronomy,12,predictive,3
5,11,An 11-year-old child obsessed with astronomy,12,explicit,4
5,11,An 11-year-old child obsessed with astronomy,40,control,2
5,11,An 11-year-old child obsessed with astronomy,40,predictive,3
5,11,An 11-year-old child obsessed with astronomy,40,explicit,3
5,11,An 11-year-old child obsessed with astronomy,2,control,3
5,11,An 11-year-old child obsessed with astronomy,2,predictive,4
5,11,An 11-year-old child obsessed with astronomy,2,explicit,4
5,11,An 11-year-old child obsessed with astronomy,13,control,3
5,11,An 11-year-old child obsessed with astronomy,13,predictive,4
5,11,An 11-year-old child obsessed with astronomy,13,explicit,4
5,11,An 11-year-old child obsessed with astronomy,5,control,3
5,11,An 11-year-old child obsessed with astronomy,5,predictive,3
5,11,An 11-year-old child obsessed with astronomy,5,explicit,4
5,11,An 11-year-old child obsessed with astronomy,14,control,3
5,11,An 11-year-old child obsessed with astronomy,14,predictive,3
5,11,An 11-year-old child obsessed with astronomy,14,explicit,3
5,11,An 11-year-old child obsessed with astronomy,22,control,3
5,11,An 11-year-old child obsessed with astronomy,22,predictive,3
5,11,An 11-year-old child obsessed with astronomy,22,explicit,4
5,11,An 11-year-old child obsessed with astronomy,25,control,2
5,11,An 11-year-old child obsessed with astronomy,25,predictive,4
5,11,An 11-year-old child obsessed with astronomy,25,explicit,4
6,8,An elementary school student who helps in the garden and listens to stories of classic literature,32,control,3
6,8,An elementary school student who helps in the garden and listens to stories of classic literature,32,predictive,4
6,8,An elementary school student who helps in the garden and listens to stories of classic literature,32,explicit,3
6,8,An elementary school student who helps in the garden and listens to stories of classic literature,35,control,3
6,8,An elementary school student who helps in the garden and listens to stories of classic literature,35,predictive,3
6,8,An elementary school student who helps in the garden and listens to stories of classic literature,35,explicit,3
6,8,An elementary school student who helps in the garden and listens to stories of classic literature,34,control,3
6,8,An elementary school student who helps in the garden and listens to stories of classic literature,34,predictive,4
6,8,An elementary school student who helps in the garden and listens to stories of classic literature,34,explicit,3
6,8,An elementary school student who helps in the garden and listens to stories of classic literature,33,control,3
6,8,An elementary school student who helps in the garden and listens to stories of classic literature,33,predictive,3
6,8,An elementary school student who helps in the garden and listens to stories of classic literature,33,explicit,4
6,8,An elementary school student who helps in the garden and listens to stories of classic literature,20,control,3
6,8,An elementary school student who helps in the garden and listens to stories of classic literature,20,predictive,3
6,8,An elementary school student who helps in the garden and listens to stories of classic literature,20,explicit,4
6,8,An elementary school student who helps in the garden and listens to stories of classic literature,18,control,2
6,8,An elementary school student who helps in the garden and listens to stories of classic literature,18,predictive,3
6,8,An elementary school student who helps in the garden and listens to stories of classic literature,18,explicit,3
6,8,An elementary school student who helps in the garden and listens to stories of classic literature,27,control,4
6,8,An elementary school student who helps in the garden and listens to stories of classic literature,27,predictive,3
6,8,An elementary school student who helps in the garden and listens to stories of classic literature,27,explicit,3
6,8,An elementary school student who helps in the garden and listens to stories of classic literature,9,control,2
6,8,An elementary school student who helps in the garden and listens to stories of classic literature,9,predictive,3
6,8,An elementary school student who helps in the garden and listens to stories of classic literature,9,explicit,3
6,8,An elementary school student who helps in the garden and listens to stories of classic literature,11,control,3
6,8,An elementary school student who helps in the garden and listens to stories of classic literature,11,predictive,3
6,8,An elementary school student who helps in the garden and listens to stories of classic literature,11,explicit,3
6,8,An elementary school student who helps in the garden and listens to stories of classic literature,7,control,4
6,8,An elementary school student who helps in the garden and listens to stories of classic literature,7,predictive,3
6,8,An elementary school student who helps in the garden and listens to stories of classic literature,7,explicit,3
6,8,An elementary school student who helps in the garden and listens to stories of classic literature,29,control,3
6,8,An elementary school student who helps in the garden and listens to stories of classic literature,29,predictive,3
6,8,An elementary school student who helps in the garden and listens to stories of classic literature,29,explicit,3
6,8,An elementary school student who helps in the garden and listens to stories of classic literature,16,control,2
6,8,An elementary school student who helps in the garden and listens to stories of classic literature,16,predictive,3
6,8,An elementary school student who helps in the garden and listens to stories of classic literature,16,explicit,3
6,8,An elementary school student who helps in the garden and listens to stories of classic literature,6,control,2
6,8,An elementary school student who helps in the garden and listens to stories of classic literature,6,predictive,2
6,8,An elementary school student who helps in the garden and listens to stories of classic literature,6,explicit,3
6,8,An elementary school student who helps in the garden and listens to stories of classic literature,28,control,3
6,8,An elementary school student who helps in the garden and listens to stories of classic literature,28,predictive,4
6,8,An elementary school student who helps in the garden and listens to stories of classic literature,28,explicit,3
6,8,An elementary school student who helps in the garden and listens to stories of classic literature,17,control,2
6,8,An elementary school student who helps in the garden and listens to stories of classic literature,17,predictive,2
6,8,An elementary school student who helps in the garden and listens to stories of classic literature,17,explicit,3
6,8,An elementary school student who helps in the garden and listens to stories of classic literature,1,control,1
6,8,An elementary school student who helps in the garden and listens to stories of classic literature,1,predictive,3
6,8,An elementary school student who helps in the garden and listens to stories of classic literature,1,explicit,3
6,8,An elementary school student who helps in the garden and listens to stories of classic literature,10,control,2
6,8,An elementary school student who helps in the garden and listens to stories of classic literature,10,predictive,3
6,8,An elementary school student who helps in the garden and listens to stories of classic literature,10,explicit,3
6,8,An elementary school student who helps in the garden and listens to stories of classic literature,19,control,3
6,8,An elementary school student who helps in the garden and listens to stories of classic literature,19,predictive,3
6,8,An elementary school student who helps in the garden and listens to stories of classic literature,19,explicit,3
6,8,An elementary school student who helps in the garden and listens to stories of classic literature,26,control,3
6,8,An elementary school student who helps in the garden and listens to stories of classic literature,26,predictive,3
6,8,An elementary school student who helps in the garden and listens to stories of classic literature,26,explicit,3
6,8,An elementary school student who helps in the garden and listens to stories of classic literature,8,control,3
6,8,An elementary school student who helps in the garden and listens to stories of classic literature,8,predictive,4
6,8,An elementary school student who helps in the garden and listens to stories of classic literature,8,explicit,3
6,8,An elementary school student who helps in the garden and listens to stories of classic literature,21,control,3
6,8,An elementary school student who helps in the garden and listens to stories of classic literature,21,predictive,3
6,8,An elementary school student who helps in the garden and listens to stories of classic literature,21,explicit,3
6,8,An elementary school student who helps in the garden and listens to stories of classic literature,38,control,2
6,8,An elementary school student who helps in the garden and listens to stories of classic literature,38,predictive,3
6,8,An elementary school student who helps in the garden and listens to stories of classic literature,38,explicit,3
6,8,An elementary school student who helps in the garden and listens to stories of classic literature,36,control,3
6,8,An elementary school student who helps in the garden and listens to stories of classic literature,36,predictive,3
6,8,An elementary school student who helps in the garden and listens to stories of classic literature,36,explicit,3
6,8,An elementary school student who helps in the garden and listens to stories of classic literature,31,control,2
6,8,An elementary school student who helps in the garden and listens to stories of classic literature,31,predictive,4
6,8,An elementary school student who helps in the garden and listens to stories of classic literature,31,explicit,3
6,8,An elementary school student who helps in the garden and listens to stories of classic literature,30,control,3
6,8,An elementary school student who helps in the garden and listens to stories of classic literature,30,predictive,3
6,8,An elementary school student who helps in the garden and listens to stories of classic literature,30,explicit,3
6,8,An elementary school student who helps in the garden and listens to stories of classic literature,37,control,3
6,8,An elementary school student who helps in the garden and listens to stories of classic literature,37,predictive,3
6,8,An elementary school student who helps in the garden and listens to stories of classic literature,37,explicit,3
6,8,An elementary school student who helps in the garden and listens to stories of classic literature,39,control,1
6,8,An elementary school student who helps in the garden and listens to stories of classic literature,39,predictive,1
6,8,An elementary school student who helps in the garden and listens to stories of classic literature,39,explicit,3
6,8,An elementary school student who helps in the garden and listens to stories of classic literature,24,control,1
6,8,An elementary school student who helps in the garden and listens to stories of classic literature,24,predictive,3
6,8,An elementary school student who helps in the garden and listens to stories of classic literature,24,explicit,2
6,8,An elementary school student who helps in the garden and listens to stories of classic literature,23,control,1
6,8,An elementary school student who helps in the garden and listens to stories of classic literature,23,predictive,4
6,8,An elementary school student who helps in the garden and listens to stories of classic literature,23,explicit,4
6,8,An elementary school student who helps in the garden and listens to stories of classic literature,4,control,3
6,8,An elementary school student who helps in the garden and listens to stories of classic literature,4,predictive,3
6,8,An elementary school student who helps in the garden and listens to stories of classic literature,4,explicit,3
6,8,An elementary school student who helps in the garden and listens to stories of classic literature,15,control,1
6,8,An elementary school student who helps in the garden and listens to stories of classic literature,15,predictive,4
6,8,An elementary school student who helps in the garden and listens to stories of classic literature,15,explicit,4
6,8,An elementary school student who helps in the garden and listens to stories of classic literature,3,control,3
6,8,An elementary school student who helps in the garden and listens to stories of classic literature,3,predictive,4
6,8,An elementary school student who helps in the garden and listens to stories of classic literature,3,explicit,3
6,8,An elementary school student who helps in the garden and listens to stories of classic literature,12,control,4
6,8,An elementary school student who helps in the garden and listens to stories of classic literature,12,predictive,3
6,8,An elementary school student who helps in the garden and listens to stories of classic literature,12,explicit,2
6,8,An elementary school student who helps in the garden and listens to stories of classic literature,40,control,3
6,8,An elementary school student who helps in the garden and listens to stories of classic literature,40,predictive,2
6,8,An elementary school student who helps in the garden and listens to stories of classic literature,40,explicit,3
6,8,An elementary school student who helps in the garden and listens to stories of classic literature,2,control,3
6,8,An elementary school student who helps in the garden and listens to stories of classic literature,2,predictive,4
6,8,An elementary school student who helps in the garden and listens to stories of classic literature,2,explicit,4
6,8,An elementary school student who helps in the garden and listens to stories of classic literature,13,control,4
6,8,An elementary school student who helps in the garden and listens to stories of classic literature,13,predictive,4
6,8,An elementary school student who helps in the garden and listens to stories of classic literature,13,explicit,4
6,8,An elementary school student who helps in the garden and listens to stories of classic literature,5,control,3
6,8,An elementary school student who helps in the garden and listens to stories of classic literature,5,predictive,3
6,8,An elementary school student who helps in the garden and listens to stories of classic literature,5,explicit,4
6,8,An elementary school student who helps in the garden and listens to stories of classic literature,14,control,3
6,8,An elementary school student who helps in the garden and listens to stories of classic literature,14,predictive,3
6,8,An elementary school student who helps in the garden and listens to stories of classic literature,14,explicit,3
6,8,An elementary school student who helps in the garden and listens to stories of classic literature,22,control,3
6,8,An elementary school student who helps in the garden and listens to stories of classic literature,22,predictive,3
6,8,An elementary school student who helps in the garden and listens to stories of classic literature,22,explicit,3
6,8,An elementary school student who helps in the garden and listens to stories of classic literature,25,control,3
6,8,An elementary school student who helps in the garden and listens to stories of classic literature,25,predictive,3
6,8,An elementary school student who helps in the garden and listens to stories of classic literature,25,explicit,4
7,10,A lively ten-year-old who adores reading and regularly reviews books on her YouTube channel,32,control,2
7,10,A lively ten-year-old who adores reading and regularly reviews books on her YouTube channel,32,predictive,3
7,10,A lively ten-year-old who adores reading and regularly reviews books on her YouTube channel,32,explicit,3
7,10,A lively ten-year-old who adores reading and regularly reviews books on her YouTube channel,35,control,4
7,10,A lively ten-year-old who adores reading and regularly reviews books on her YouTube channel,35,predictive,3
7,10,A lively ten-year-old who adores reading and regularly reviews books on her YouTube channel,35,explicit,3
7,10,A lively ten-year-old who adores reading and regularly reviews books on her YouTube channel,34,control,3
7,10,A lively ten-year-old who adores reading and regularly reviews books on her YouTube channel,34,predictive,3
7,10,A lively ten-year-old who adores reading and regularly reviews books on her YouTube channel,34,explicit,3
7,10,A lively ten-year-old who adores reading and regularly reviews books on her YouTube channel,33,control,3
7,10,A lively ten-year-old who adores reading and regularly reviews books on her YouTube channel,33,predictive,4
7,10,A lively ten-year-old who adores reading and regularly reviews books on her YouTube channel,33,explicit,4
7,10,A lively ten-year-old who adores reading and regularly reviews books on her YouTube channel,20,control,2
7,10,A lively ten-year-old who adores reading and regularly reviews books on her YouTube channel,20,predictive,3
7,10,A lively ten-year-old who adores reading and regularly reviews books on her YouTube channel,20,explicit,4
7,10,A lively ten-year-old who adores reading and regularly reviews books on her YouTube channel,18,control,2
7,10,A lively ten-year-old who adores reading and regularly reviews books on her YouTube channel,18,predictive,3
7,10,A lively ten-year-old who adores reading and regularly reviews books on her YouTube channel,18,explicit,3
7,10,A lively ten-year-old who adores reading and regularly reviews books on her YouTube channel,27,control,3
7,10,A lively ten-year-old who adores reading and regularly reviews books on her YouTube channel,27,predictive,4
7,10,A lively ten-year-old who adores reading and regularly reviews books on her YouTube channel,27,explicit,3
7,10,A lively ten-year-old who adores reading and regularly reviews books on her YouTube channel,9,control,2
7,10,A lively ten-year-old who adores reading and regularly reviews books on her YouTube channel,9,predictive,3
7,10,A lively ten-year-old who adores reading and regularly reviews books on her YouTube channel,9,explicit,3
7,10,A lively ten-year-old who adores reading and regularly reviews books on her YouTube channel,11,control,4
7,10,A lively ten-year-old who adores reading and regularly reviews books on her YouTube channel,11,predictive,4
7,10,A lively ten-year-old who adores reading and regularly reviews books on her YouTube channel,11,explicit,3
7,10,A lively ten-year-old who adores reading and regularly reviews books on her YouTube channel,7,control,3
7,10,A lively ten-year-old who adores reading and regularly reviews books on her YouTube channel,7,predictive,3
7,10,A lively ten-year-old who adores reading and regularly reviews books on her YouTube channel,7,explicit,2
7,10,A lively ten-year-old who adores reading and regularly reviews books on her YouTube channel,29,control,3
7,10,A lively ten-year-old who adores reading and regularly reviews books on her YouTube channel,29,predictive,3
7,10,A lively ten-year-old who adores reading and regularly reviews books on her YouTube channel,29,explicit,3
7,10,A lively ten-year-old who adores reading and regularly reviews books on her YouTube channel,16,control,2
7,10,A lively ten-year-old who adores reading and regularly reviews books on her YouTube channel,16,predictive,2
7,10,A lively ten-year-old who adores reading and regularly reviews books on her YouTube channel,16,explicit,3
7,10,A lively ten-year-old who adores reading and regularly reviews books on her YouTube channel,6,control,2
7,10,A lively ten-year-old who adores reading and regularly reviews books on her YouTube channel,6,predictive,3
7,10,A lively ten-year-old who adores reading and regularly reviews books on her YouTube channel,6,explicit,3
7,10,A lively ten-year-old who adores reading and regularly reviews books on her YouTube channel,28,control,3
7,10,A lively ten-year-old who adores reading and regularly reviews books on her YouTube channel,28,predictive,4
7,10,A lively ten-year-old who adores reading and regularly reviews books on her YouTube channel,28,explicit,4
7,10,A lively ten-year-old who adores reading and regularly reviews books on her YouTube channel,17,control,2
7,10,A lively ten-year-old who adores reading and regularly reviews books on her YouTube channel,17,predictive,2
7,10,A lively ten-year-old who adores reading and regularly reviews books on her YouTube channel,17,explicit,3
7,10,A lively ten-year-old who adores reading and regularly reviews books on her YouTube channel,1,control,1
7,10,A lively ten-year-old who adores reading and regularly reviews books on her YouTube channel,1,predictive,3
7,10,A lively ten-year-old who adores reading and regularly reviews books on her YouTube channel,1,explicit,3
7,10,A lively ten-year-old who adores reading and regularly reviews books on her YouTube channel,10,control,2
7,10,A lively ten-year-old who adores reading and regularly reviews books on her YouTube channel,10,predictive,3
7,10,A lively ten-year-old who adores reading and regularly reviews books on her YouTube channel,10,explicit,3
7,10,A lively ten-year-old who adores reading and regularly reviews books on her YouTube channel,19,control,3
7,10,A lively ten-year-old who adores reading and regularly reviews books on her YouTube channel,19,predictive,4
7,10,A lively ten-year-old who adores reading and regularly reviews books on her YouTube channel,19,explicit,3
7,10,A lively ten-year-old who adores reading and regularly reviews books on her YouTube channel,26,control,3
7,10,A lively ten-year-old who adores reading and regularly reviews books on her YouTube channel,26,predictive,3
7,10,A lively ten-year-old who adores reading and regularly reviews books on her YouTube channel,26,explicit,3
7,10,A lively ten-year-old who adores reading and regularly reviews books on her YouTube channel,8,control,3
7,10,A lively ten-year-old who adores reading and regularly reviews books on her YouTube channel,8,predictive,4
7,10,A lively ten-year-old who adores reading and regularly reviews books on her YouTube channel,8,explicit,4
7,10,A lively ten-year-old who adores reading and regularly reviews books on her YouTube channel,21,control,2
7,10,A lively ten-year-old who adores reading and regularly reviews books on her YouTube channel,21,predictive,2
7,10,A lively ten-year-old who adores reading and regularly reviews books on her YouTube channel,21,explicit,3
7,10,A lively ten-year-old who adores reading and regularly reviews books on her YouTube channel,38,control,2
7,10,A lively ten-year-old who adores reading and regularly reviews books on her YouTube channel,38,predictive,3
7,10,A lively ten-year-old who adores reading and regularly reviews books on her YouTube channel,38,explicit,3
7,10,A lively ten-year-old who adores reading and regularly reviews books on her YouTube channel,36,control,2
7,10,A lively ten-year-old who adores reading and regularly reviews books on her YouTube channel,36,predictive,3
7,10,A lively ten-year-old who adores reading and regularly reviews books on her YouTube channel,36,explicit,4
7,10,A lively ten-year-old who adores reading and regularly reviews books on her YouTube channel,31,control,2
7,10,A lively ten-year-old who adores reading and regularly reviews books on her YouTube channel,31,predictive,4
7,10,A lively ten-year-old who adores reading and regularly reviews books on her YouTube channel,31,explicit,3
7,10,A lively ten-year-old who adores reading and regularly reviews books on her YouTube channel,30,control,2
7,10,A lively ten-year-old who adores reading and regularly reviews books on her YouTube channel,30,predictive,3
7,10,A lively ten-year-old who adores reading and regularly reviews books on her YouTube channel,30,explicit,3
7,10,A lively ten-year-old who adores reading and regularly reviews books on her YouTube channel,37,control,3
7,10,A lively ten-year-old who adores reading and regularly reviews books on her YouTube channel,37,predictive,3
7,10,A lively ten-year-old who adores reading and regularly reviews books on her YouTube channel,37,explicit,3
7,10,A lively ten-year-old who adores reading and regularly reviews books on her YouTube channel,39,control,1
7,10,A lively ten-year-old who adores reading and regularly reviews books on her YouTube channel,39,predictive,1
7,10,A lively ten-year-old who adores reading and regularly reviews books on her YouTube channel,39,explicit,3
7,10,A lively ten-year-old who adores reading and regularly reviews books on her YouTube channel,24,control,1
7,10,A lively ten-year-old who adores reading and regularly reviews books on her YouTube channel,24,predictive,2
7,10,A lively ten-year-old who adores reading and regularly reviews books on her YouTube channel,24,explicit,2
7,10,A lively ten-year-old who adores reading and regularly reviews books on her YouTube channel,23,control,1
7,10,A lively ten-year-old who adores reading and regularly reviews books on her YouTube channel,23,predictive,3
7,10,A lively ten-year-old who adores reading and regularly reviews books on her YouTube channel,23,explicit,3
7,10,A lively ten-year-old who adores reading and regularly reviews books on her YouTube channel,4,control,3
7,10,A lively ten-year-old who adores reading and regularly reviews books on her YouTube channel,4,predictive,3
7,10,A lively ten-year-old who adores reading and regularly reviews books on her YouTube channel,4,explicit,3
7,10,A lively ten-year-old who adores reading and regularly reviews books on her YouTube channel,15,control,2
7,10,A lively ten-year-old who adores reading and regularly reviews books on her YouTube channel,15,predictive,4
7,10,A lively ten-year-old who adores reading and regularly reviews books on her YouTube channel,15,explicit,4
7,10,A lively ten-year-old who adores reading and regularly reviews books on her YouTube channel,3,control,2
7,10,A lively ten-year-old who adores reading and regularly reviews books on her YouTube channel,3,predictive,4
7,10,A lively ten-year-old who adores reading and regularly reviews books on her YouTube channel,3,explicit,3
7,10,A lively ten-year-old who adores reading and regularly reviews books on her YouTube channel,12,control,3
7,10,A lively ten-year-old who adores reading and regularly reviews books on her YouTube channel,12,predictive,4
7,10,A lively ten-year-old who adores reading and regularly reviews books on her YouTube channel,12,explicit,3
7,10,A lively ten-year-old who adores reading and regularly reviews books on her YouTube channel,40,control,3
7,10,A lively ten-year-old who adores reading and regularly reviews books on her YouTube channel,40,predictive,2
7,10,A lively ten-year-old who adores reading and regularly reviews books on her YouTube channel,40,explicit,3
7,10,A lively ten-year-old who adores reading and regularly reviews books on her YouTube channel,2,control,2
7,10,A lively ten-year-old who adores reading and regularly reviews books on her YouTube channel,2,predictive,4
7,10,A lively ten-year-old who adores reading and regularly reviews books on her YouTube channel,2,explicit,4
7,10,A lively ten-year-old who adores reading and regularly reviews books on her YouTube channel,13,control,3
7,10,A lively ten-year-old who adores reading and regularly reviews books on her YouTube channel,13,predictive,3
7,10,A lively ten-year-old who adores reading and regularly reviews books on her YouTube channel,13,explicit,4
7,10,A lively ten-year-old who adores reading and regularly reviews books on her YouTube channel,5,control,2
7,10,A lively ten-year-old who adores reading and regularly reviews books on her YouTube channel,5,predictive,3
7,10,A lively ten-year-old who adores reading and regularly reviews books on her YouTube channel,5,explicit,3
7,10,A lively ten-year-old who adores reading and regularly reviews books on her YouTube channel,14,control,3
7,10,A lively ten-year-old who adores reading and regularly reviews books on her YouTube channel,14,predictive,3
7,10,A lively ten-year-old who adores reading and regularly reviews books on her YouTube channel,14,explicit,3
7,10,A lively ten-year-old who adores reading and regularly reviews books on her YouTube channel,22,control,3
7,10,A lively ten-year-old who adores reading and regularly reviews books on her YouTube channel,22,predictive,3
7,10,A lively ten-year-old who adores reading and regularly reviews books on her YouTube channel,22,explicit,3
7,10,A lively ten-year-old who adores reading and regularly reviews books on her YouTube channel,25,control,2
7,10,A lively ten-year-old who adores reading and regularly reviews books on her YouTube channel,25,predictive,4
7,10,A lively ten-year-old who adores reading and regularly reviews books on her YouTube channel,25,explicit,4
8,8,A fellow elementary school student who is fascinated by birds and enjoys drawing them,32,control,2
8,8,A fellow elementary school student who is fascinated by birds and enjoys drawing them,32,predictive,3
8,8,A fellow elementary school student who is fascinated by birds and enjoys drawing them,32,explicit,3
8,8,A fellow elementary school student who is fascinated by birds and enjoys drawing them,35,control,4
8,8,A fellow elementary school student who is fascinated by birds and enjoys drawing them,35,predictive,3
8,8,A fellow elementary school student who is fascinated by birds and enjoys drawing them,35,explicit,3
8,8,A fellow elementary school student who is fascinated by birds and enjoys drawing them,34,control,3
8,8,A fellow elementary school student who is fascinated by birds and enjoys drawing them,34,predictive,4
8,8,A fellow elementary school student who is fascinated by birds and enjoys drawing them,34,explicit,3
8,8,A fellow elementary school student who is fascinated by birds and enjoys drawing them,33,control,3
8,8,A fellow elementary school student who is fascinated by birds and enjoys drawing them,33,predictive,4
8,8,A fellow elementary school student who is fascinated by birds and enjoys drawing them,33,explicit,4
8,8,A fellow elementary school student who is fascinated by birds and enjoys drawing them,20,control,2
8,8,A fellow elementary school student who is fascinated by birds and enjoys drawing them,20,predictive,3
8,8,A fellow elementary school student who is fascinated by birds and enjoys drawing them,20,explicit,4
8,8,A fellow elementary school student who is fascinated by birds and enjoys drawing them,18,control,2
8,8,A fellow elementary school student who is fascinated by birds and enjoys drawing them,18,predictive,3
8,8,A fellow elementary school student who is fascinated by birds and enjoys drawing them,18,explicit,2
8,8,A fellow elementary school student who is fascinated by birds and enjoys drawing them,27,control,4
8,8,A fellow elementary school student who is fascinated by birds and enjoys drawing them,27,predictive,3
8,8,A fellow elementary school student who is fascinated by birds and enjoys drawing them,27,explicit,3
8,8,A fellow elementary school student who is fascinated by birds and enjoys drawing them,9,control,2
8,8,A fellow elementary school student who is fascinated by birds and enjoys drawing them,9,predictive,3
8,8,A fellow elementary school student who is fascinated by birds and enjoys drawing them,9,explicit,3
8,8,A fellow elementary school student who is fascinated by birds and enjoys drawing them,11,control,3
8,8,A fellow elementary school student who is fascinated by birds and enjoys drawing them,11,predictive,4
8,8,A fellow elementary school student who is fascinated by birds and enjoys drawing them,11,explicit,3
8,8,A fellow elementary school student who is fascinated by birds and enjoys drawing them,7,control,3
8,8,A fellow elementary school student who is fascinated by birds and enjoys drawing them,7,predictive,4
8,8,A fellow elementary school student who is fascinated by birds and enjoys drawing them,7,explicit,2
8,8,A fellow elementary school student who is fascinated by birds and enjoys drawing them,29,control,3
8,8,A fellow elementary school student who is fascinated by birds and enjoys drawing them,29,predictive,3
8,8,A fellow elementary school student who is fascinated by birds and enjoys drawing them,29,explicit,3
8,8,A fellow elementary school student who is fascinated by birds and enjoys drawing them,16,control,2
8,8,A fellow elementary school student who is fascinated by birds and enjoys drawing them,16,predictive,3
8,8,A fellow elementary school student who is fascinated by birds and enjoys drawing them,16,explicit,3
8,8,A fellow elementary school student who is fascinated by birds and enjoys drawing them,6,control,2
8,8,A fellow elementary school student who is fascinated by birds and enjoys drawing them,6,predictive,3
8,8,A fellow elementary school student who is fascinated by birds and enjoys drawing them,6,explicit,3
8,8,A fellow elementary school student who is fascinated by birds and enjoys drawing them,28,control,2
8,8,A fellow elementary school student who is fascinated by birds and enjoys drawing them,28,predictive,4
8,8,A fellow elementary school student who is fascinated by birds and enjoys drawing them,28,explicit,4
8,8,A fellow elementary school student who is fascinated by birds and enjoys drawing them,17,control,2
8,8,A fellow elementary school student who is fascinated by birds and enjoys drawing them,17,predictive,2
8,8,A fellow elementary school student who is fascinated by birds and enjoys drawing them,17,explicit,3
8,8,A fellow elementary school student who is fascinated by birds and enjoys drawing them,1,control,1
8,8,A fellow elementary school student who is fascinated by birds and enjoys drawing them,1,predictive,3
8,8,A fellow elementary school student who is fascinated by birds and enjoys drawing them,1,explicit,3
8,8,A fellow elementary school student who is fascinated by birds and enjoys drawing them,10,control,2
8,8,A fellow elementary school student who is fascinated by birds and enjoys drawing them,10,predictive,1
8,8,A fellow elementary school student who is fascinated by birds and enjoys drawing them,10,explicit,3
8,8,A fellow elementary school student who is fascinated by birds and enjoys drawing them,19,control,3
8,8,A fellow elementary school student who is fascinated by birds and enjoys drawing them,19,predictive,3
8,8,A fellow elementary school student who is fascinated by birds and enjoys drawing them,19,explicit,3
8,8,A fellow elementary school student who is fascinated by birds and enjoys drawing them,26,control,3
8,8,A fellow elementary school student who is fascinated by birds and enjoys drawing them,26,predictive,3
8,8,A fellow elementary school student who is fascinated by birds and enjoys drawing them,26,explicit,3
8,8,A fellow elementary school student who is fascinated by birds and enjoys drawing them,8,control,3
8,8,A fellow elementary school student who is fascinated by birds and enjoys drawing them,8,predictive,3
8,8,A fellow elementary school student who is fascinated by birds and enjoys drawing them,8,explicit,4
8,8,A fellow elementary school student who is fascinated by birds and enjoys drawing them,21,control,2
8,8,A fellow elementary school student who is fascinated by birds and enjoys drawing them,21,predictive,2
8,8,A fellow elementary school student who is fascinated by birds and enjoys drawing them,21,explicit,3
8,8,A fellow elementary school student who is fascinated by birds and enjoys drawing them,38,control,3
8,8,A fellow elementary school student who is fascinated by birds and enjoys drawing them,38,predictive,3
8,8,A fellow elementary school student who is fascinated by birds and enjoys drawing them,38,explicit,3
8,8,A fellow elementary school student who is fascinated by birds and enjoys drawing them,36,control,2
8,8,A fellow elementary school student who is fascinated by birds and enjoys drawing them,36,predictive,3
8,8,A fellow elementary school student who is fascinated by birds and enjoys drawing them,36,explicit,3
8,8,A fellow elementary school student who is fascinated by birds and enjoys drawing them,31,control,2
8,8,A fellow elementary school student who is fascinated by birds and enjoys drawing them,31,predictive,4
8,8,A fellow elementary school student who is fascinated by birds and enjoys drawing them,31,explicit,3
8,8,A fellow elementary school student who is fascinated by birds and enjoys drawing them,30,control,2
8,8,A fellow elementary school student who is fascinated by birds and enjoys drawing them,30,predictive,3
8,8,A fellow elementary school student who is fascinated by birds and enjoys drawing them,30,explicit,3
8,8,A fellow elementary school student who is fascinated by birds and enjoys drawing them,37,control,3
8,8,A fellow elementary school student who is fascinated by birds and enjoys drawing them,37,predictive,3
8,8,A fellow elementary school student who is fascinated by birds and enjoys drawing them,37,explicit,4
8,8,A fellow elementary school student who is fascinated by birds and enjoys drawing them,39,control,1
8,8,A fellow elementary school student who is fascinated by birds and enjoys drawing them,39,predictive,1
8,8,A fellow elementary school student who is fascinated by birds and enjoys drawing them,39,explicit,3
8,8,A fellow elementary school student who is fascinated by birds and enjoys drawing them,24,control,1
8,8,A fellow elementary school student who is fascinated by birds and enjoys drawing them,24,predictive,2
8,8,A fellow elementary school student who is fascinated by birds and enjoys drawing them,24,explicit,2
8,8,A fellow elementary school student who is fascinated by birds and enjoys drawing them,23,control,3
8,8,A fellow elementary school student who is fascinated by birds and enjoys drawing them,23,predictive,3
8,8,A fellow elementary school student who is fascinated by birds and enjoys drawing them,23,explicit,3
8,8,A fellow elementary school student who is fascinated by birds and enjoys drawing them,4,control,3
8,8,A fellow elementary school student who is fascinated by birds and enjoys drawing them,4,predictive,3
8,8,A fellow elementary school student who is fascinated by birds and enjoys drawing them,4,explicit,3
8,8,A fellow elementary school student who is fascinated by birds and enjoys drawing them,15,control,1
8,8,A fellow elementary school student who is fascinated by birds and enjoys drawing them,15,predictive,3
8,8,A fellow elementary school student who is fascinated by birds and enjoys drawing them,15,explicit,4
8,8,A fellow elementary school student who is fascinated by birds and enjoys drawing them,3,control,2
8,8,A fellow elementary school student who is fascinated by birds and enjoys drawing them,3,predictive,3
8,8,A fellow elementary school student who is fascinated by birds and enjoys drawing them,3,explicit,4
8,8,A fellow elementary school student who is fascinated by birds and enjoys drawing them,12,control,3
8,8,A fellow elementary school student who is fascinated by birds and enjoys drawing them,12,predictive,4
8,8,A fellow elementary school student who is fascinated by birds and enjoys drawing them,12,explicit,3
8,8,A fellow elementary school student who is fascinated by birds and enjoys drawing them,40,control,2
8,8,A fellow elementary school student who is fascinated by birds and enjoys drawing them,40,predictive,3
8,8,A fellow elementary school student who is fascinated by birds and enjoys drawing them,40,explicit,3
8,8,A fellow elementary school student who is fascinated by birds and enjoys drawing them,2,control,3
8,8,A fellow elementary school student who is fascinated by birds and enjoys drawing them,2,predictive,4
8,8,A fellow elementary school student who is fascinated by birds and enjoys drawing them,2,explicit,4
8,8,A fellow elementary school student who is fascinated by birds and enjoys drawing them,13,control,3
8,8,A fellow elementary school student who is fascinated by birds and enjoys drawing them,13,predictive,3
8,8,A fellow elementary school student who is fascinated by birds and enjoys drawing them,13,explicit,4
8,8,A fellow elementary school student who is fascinated by birds and enjoys drawing them,5,control,2
8,8,A fellow elementary school student who is fascinated by birds and enjoys drawing them,5,predictive,3
8,8,A fellow elementary school student who is fascinated by birds and enjoys drawing them,5,explicit,4
8,8,A fellow elementary school student who is fascinated by birds and enjoys drawing them,14,control,3
8,8,A fellow elementary school student who is fascinated by birds and enjoys drawing them,14,predictive,3
8,8,A fellow elementary school student who is fascinated by birds and enjoys drawing them,14,explicit,3
8,8,A fellow elementary school student who is fascinated by birds and enjoys drawing them,22,control,3
8,8,A fellow elementary school student who is fascinated by birds and enjoys drawing them,22,predictive,3
8,8,A fellow elementary school student who is fascinated by birds and enjoys drawing them,22,explicit,3
8,8,A fellow elementary school student who is fascinated by birds and enjoys drawing them,25,control,3
8,8,A fellow elementary school student who is fascinated by birds and enjoys drawing them,25,predictive,3
8,8,A fellow elementary school student who is fascinated by birds and enjoys drawing them,25,explicit,4
9,8,A third-grade student who benefits from the integrated lesson plans and develops a love for reading and writing,32,control,2
9,8,A third-grade student who benefits from the integrated lesson plans and develops a love for reading and writing,32,predictive,4
9,8,A third-grade student who benefits from the integrated lesson plans and develops a love for reading and writing,32,explicit,4
9,8,A third-grade student who benefits from the integrated lesson plans and develops a love for reading and writing,35,control,3
9,8,A third-grade student who benefits from the integrated lesson plans and develops a love for reading and writing,35,predictive,3
9,8,A third-grade student who benefits from the integrated lesson plans and develops a love for reading and writing,35,explicit,4
9,8,A third-grade student who benefits from the integrated lesson plans and develops a love for reading and writing,34,control,3
9,8,A third-grade student who benefits from the integrated lesson plans and develops a love for reading and writing,34,predictive,3
9,8,A third-grade student who benefits from the integrated lesson plans and develops a love for reading and writing,34,explicit,3
9,8,A third-grade student who benefits from the integrated lesson plans and develops a love for reading and writing,33,control,3
9,8,A third-grade student who benefits from the integrated lesson plans and develops a love for reading and writing,33,predictive,4
9,8,A third-grade student who benefits from the integrated lesson plans and develops a love for reading and writing,33,explicit,4
9,8,A third-grade student who benefits from the integrated lesson plans and develops a love for reading and writing,20,control,3
9,8,A third-grade student who benefits from the integrated lesson plans and develops a love for reading and writing,20,predictive,3
9,8,A third-grade student who benefits from the integrated lesson plans and develops a love for reading and writing,20,explicit,4
9,8,A third-grade student who benefits from the integrated lesson plans and develops a love for reading and writing,18,control,2
9,8,A third-grade student who benefits from the integrated lesson plans and develops a love for reading and writing,18,predictive,3
9,8,A third-grade student who benefits from the integrated lesson plans and develops a love for reading and writing,18,explicit,3
9,8,A third-grade student who benefits from the integrated lesson plans and develops a love for reading and writing,27,control,4
9,8,A third-grade student who benefits from the integrated lesson plans and develops a love for reading and writing,27,predictive,3
9,8,A third-grade student who benefits from the integrated lesson plans and develops a love for reading and writing,27,explicit,3
9,8,A third-grade student who benefits from the integrated lesson plans and develops a love for reading and writing,9,control,2
9,8,A third-grade student who benefits from the integrated lesson plans and develops a love for reading and writing,9,predictive,2
9,8,A third-grade student who benefits from the integrated lesson plans and develops a love for reading and writing,9,explicit,3
9,8,A third-grade student who benefits from the integrated lesson plans and develops a love for reading and writing,11,control,3
9,8,A third-grade student who benefits from the integrated lesson plans and develops a love for reading and writing,11,predictive,3
9,8,A third-grade student who benefits from the integrated lesson plans and develops a love for reading and writing,11,explicit,3
9,8,A third-grade student who benefits from the integrated lesson plans and develops a love for reading and writing,7,control,3
9,8,A third-grade student who benefits from the integrated lesson plans and develops a love for reading and writing,7,predictive,4
9,8,A third-grade student who benefits from the integrated lesson plans and develops a love for reading and writing,7,explicit,3
9,8,A third-grade student who benefits from the integrated lesson plans and develops a love for reading and writing,29,control,3
9,8,A third-grade student who benefits from the integrated lesson plans and develops a love for reading and writing,29,predictive,3
9,8,A third-grade student who benefits from the integrated lesson plans and develops a love for reading and writing,29,explicit,3
9,8,A third-grade student who benefits from the integrated lesson plans and develops a love for reading and writing,16,control,2
9,8,A third-grade student who benefits from the integrated lesson plans and develops a love for reading and writing,16,predictive,2
9,8,A third-grade student who benefits from the integrated lesson plans and develops a love for reading and writing,16,explicit,3
9,8,A third-grade student who benefits from the integrated lesson plans and develops a love for reading and writing,6,control,2
9,8,A third-grade student who benefits from the integrated lesson plans and develops a love for reading and writing,6,predictive,2
9,8,A third-grade student who benefits from the integrated lesson plans and develops a love for reading and writing,6,explicit,3
9,8,A third-grade student who benefits from the integrated lesson plans and develops a love for reading and writing,28,control,3
9,8,A third-grade student who benefits from the integrated lesson plans and develops a love for reading and writing,28,predictive,4
9,8,A third-grade student who benefits from the integrated lesson plans and develops a love for reading and writing,28,explicit,4
9,8,A third-grade student who benefits from the integrated lesson plans and develops a love for reading and writing,17,control,2
9,8,A third-grade student who benefits from the integrated lesson plans and develops a love for reading and writing,17,predictive,2
9,8,A third-grade student who benefits from the integrated lesson plans and develops a love for reading and writing,17,explicit,3
9,8,A third-grade student who benefits from the integrated lesson plans and develops a love for reading and writing,1,control,1
9,8,A third-grade student who benefits from the integrated lesson plans and develops a love for reading and writing,1,predictive,3
9,8,A third-grade student who benefits from the integrated lesson plans and develops a love for reading and writing,1,explicit,3
9,8,A third-grade student who benefits from the integrated lesson plans and develops a love for reading and writing,10,control,2
9,8,A third-grade student who benefits from the integrated lesson plans and develops a love for reading and writing,10,predictive,3
9,8,A third-grade student who benefits from the integrated lesson plans and develops a love for reading and writing,10,explicit,3
9,8,A third-grade student who benefits from the integrated lesson plans and develops a love for reading and writing,19,control,3
9,8,A third-grade student who benefits from the integrated lesson plans and develops a love for reading and writing,19,predictive,3
9,8,A third-grade student who benefits from the integrated lesson plans and develops a love for reading and writing,19,explicit,3
9,8,A third-grade student who benefits from the integrated lesson plans and develops a love for reading and writing,26,control,2
9,8,A third-grade student who benefits from the integrated lesson plans and develops a love for reading and writing,26,predictive,3
9,8,A third-grade student who benefits from the integrated lesson plans and develops a love for reading and writing,26,explicit,3
9,8,A third-grade student who benefits from the integrated lesson plans and develops a love for reading and writing,8,control,4
9,8,A third-grade student who benefits from the integrated lesson plans and develops a love for reading and writing,8,predictive,4
9,8,A third-grade student who benefits from the integrated lesson plans and develops a love for reading and writing,8,explicit,4
9,8,A third-grade student who benefits from the integrated lesson plans and develops a love for reading and writing,21,control,3
9,8,A third-grade student who benefits from the integrated lesson plans and develops a love for reading and writing,21,predictive,3
9,8,A third-grade student who benefits from the integrated lesson plans and develops a love for reading and writing,21,explicit,4
9,8,A third-grade student who benefits from the integrated lesson plans and develops a love for reading and writing,38,control,3
9,8,A third-grade student who benefits from the integrated lesson plans and develops a love for reading and writing,38,predictive,3
9,8,A third-grade student who benefits from the integrated lesson plans and develops a love for reading and writing,38,explicit,3
9,8,A third-grade student who benefits from the integrated lesson plans and develops a love for reading and writing,36,control,2
9,8,A third-grade student who benefits from the integrated lesson plans and develops a love for reading and writing,36,predictive,3
9,8,A third-grade student who benefits from the integrated lesson plans and develops a love for reading and writing,36,explicit,3
9,8,A third-grade student who benefits from the integrated lesson plans and develops a love for reading and writing,31,control,3
9,8,A third-grade student who benefits from the integrated lesson plans and develops a love for reading and writing,31,predictive,4
9,8,A third-grade student who benefits from the integrated lesson plans and develops a love for reading and writing,31,explicit,3
9,8,A third-grade student who benefits from the integrated lesson plans and develops a love for reading and writing,30,control,2
9,8,A third-grade student who benefits from the integrated lesson plans and develops a love for reading and writing,30,predictive,3
9,8,A third-grade student who benefits from the integrated lesson plans and develops a love for reading and writing,30,explicit,3
9,8,A third-grade student who benefits from the integrated lesson plans and develops a love for reading and writing,37,control,3
9,8,A third-grade student who benefits from the integrated lesson plans and develops a love for reading and writing,37,predictive,3
9,8,A third-grade student who benefits from the integrated lesson plans and develops a love for reading and writing,37,explicit,4
9,8,A third-grade student who benefits from the integrated lesson plans and develops a love for reading and writing,39,control,1
9,8,A third-grade student who benefits from the integrated lesson plans and develops a love for reading and writing,39,predictive,1
9,8,A third-grade student who benefits from the integrated lesson plans and develops a love for reading and writing,39,explicit,4
9,8,A third-grade student who benefits from the integrated lesson plans and develops a love for reading and writing,24,control,1
9,8,A third-grade student who benefits from the integrated lesson plans and develops a love for reading and writing,24,predictive,3
9,8,A third-grade student who benefits from the integrated lesson plans and develops a love for reading and writing,24,explicit,3
9,8,A third-grade student who benefits from the integrated lesson plans and develops a love for reading and writing,23,control,1
9,8,A third-grade student who benefits from the integrated lesson plans and develops a love for reading and writing,23,predictive,3
9,8,A third-grade student who benefits from the integrated lesson plans and develops a love for reading and writing,23,explicit,4
9,8,A third-grade student who benefits from the integrated lesson plans and develops a love for reading and writing,4,control,3
9,8,A third-grade student who benefits from the integrated lesson plans and develops a love for reading and writing,4,predictive,3
9,8,A third-grade student who benefits from the integrated lesson plans and develops a love for reading and writing,4,explicit,3
9,8,A third-grade student who benefits from the integrated lesson plans and develops a love for reading and writing,15,control,1
9,8,A third-grade student who benefits from the integrated lesson plans and develops a love for reading and writing,15,predictive,4
9,8,A third-grade student who benefits from the integrated lesson plans and develops a love for reading and writing,15,explicit,4
9,8,A third-grade student who benefits from the integrated lesson plans and develops a love for reading and writing,3,control,3
9,8,A third-grade student who benefits from the integrated lesson plans and develops a love for reading and writing,3,predictive,3
9,8,A third-grade student who benefits from the integrated lesson plans and develops a love for reading and writing,3,explicit,3
9,8,A third-grade student who benefits from the integrated lesson plans and develops a love for reading and writing,12,control,4
9,8,A third-grade student who benefits from the integrated lesson plans and develops a love for reading and writing,12,predictive,4
9,8,A third-grade student who benefits from the integrated lesson plans and develops a love for reading and writing,12,explicit,4
9,8,A third-grade student who benefits from the integrated lesson plans and develops a love for reading and writing,40,control,2
9,8,A third-grade student who benefits from the integrated lesson plans and develops a love for reading and writing,40,predictive,2
9,8,A third-grade student who benefits from the integrated lesson plans and develops a love for reading and writing,40,explicit,3
9,8,A third-grade student who benefits from the integrated lesson plans and develops a love for reading and writing,2,control,3
9,8,A third-grade student who benefits from the integrated lesson plans and develops a love for reading and writing,2,predictive,4
9,8,A third-grade student who benefits from the integrated lesson plans and develops a love for reading and writing,2,explicit,4
9,8,A third-grade student who benefits from the integrated lesson plans and develops a love for reading and writing,13,control,3
9,8,A third-grade student who benefits from the integrated lesson plans and develops a love for reading and writing,13,predictive,3
9,8,A third-grade student who benefits from the integrated lesson plans and develops a love for reading and writing,13,explicit,3
9,8,A third-grade student who benefits from the integrated lesson plans and develops a love for reading and writing,5,control,3
9,8,A third-grade student who benefits from the integrated lesson plans and develops a love for reading and writing,5,predictive,4
9,8,A third-grade student who benefits from the integrated lesson plans and develops a love for reading and writing,5,explicit,4
9,8,A third-grade student who benefits from the integrated lesson plans and develops a love for reading and writing,14,control,3
9,8,A third-grade student who benefits from the integrated lesson plans and develops a love for reading and writing,14,predictive,3
9,8,A third-grade student who benefits from the integrated lesson plans and develops a love for reading and writing,14,explicit,3
9,8,A third-grade student who benefits from the integrated lesson plans and develops a love for reading and writing,22,control,3
9,8,A third-grade student who benefits from the integrated lesson plans and develops a love for reading and writing,22,predictive,3
9,8,A third-grade student who benefits from the integrated lesson plans and develops a love for reading and writing,22,explicit,3
9,8,A third-grade student who benefits from the integrated lesson plans and develops a love for reading and writing,25,control,3
9,8,A third-grade student who benefits from the integrated lesson plans and develops a love for reading and writing,25,predictive,4
9,8,A third-grade student who benefits from the integrated lesson plans and develops a love for reading and writing,25,explicit,4
