metric,test,H,p_value
num_triplets,kruskal,0.6420642652932572,0.8867387429245532
num_unique_concepts,kruskal,5.233350974840483,0.15548608110998371
graph_density,kruskal,13.911822564436676,0.003027667686370911
triplets_per_100_tokens,kruskal,5.441938967796279,0.14215284754077656
graph_avg_degree,kruskal,4.797149322427947,0.18726790956579364
