metric,test,H,p_value
num_triplets,kruskal,0.26619503933928973,0.9662556222150557
num_unique_concepts,kruskal,4.556639689428681,0.20729345578598637
graph_density,kruskal,8.584474785789265,0.03535741388951583
triplets_per_100_tokens,kruskal,35.48139805429778,9.638575622661619e-08
graph_avg_degree,kruskal,0.32414047348657493,0.9554261742942749
